transactionID,dateTime,customerID,productID,categoryID,storeID,salesPersonID,productValue
397,1970-05-08 11:48:00,,5233.0,133.0,27,Unknown,8.0
397,1970-05-08 11:48:00,,3663.0,24.0,27,Unknown,2.8
397,1970-05-08 11:48:00,,5432.0,44.0,27,Unknown,2.5
397,1970-05-08 11:48:00,,3218.0,101.0,27,Unknown,7.5
2945,1970-03-08 12:34:00,,1842.0,41.0,35,Unknown,27.7
2945,1970-03-08 12:34:00,,867.0,109.0,35,Unknown,11.9
3138,1970-03-08 13:19:00,,843.0,69.0,35,Unknown,3.4
3138,1970-03-08 13:19:00,,1209.0,109.0,35,Unknown,12.49
8555,1970-10-20 10:59:00,156049.0,2491.0,44.0,36,47.0,4.41
8555,1970-10-20 10:59:00,156049.0,5774.0,136.0,36,47.0,18.45
9976,1970-09-15 09:39:00,,5410.0,140.0,11,71.0,6.5
10955,1970-07-13 18:47:00,,4050.0,71.0,29,Unknown,3.4
10955,1970-07-13 18:47:00,,4052.0,71.0,29,Unknown,4.8
16484,1973-05-29 13:19:00,,8468.0,101.0,1,2.0,8.0
17782,1970-09-24 11:52:00,,4075.0,92.0,7,57.0,21.7
18175,1970-07-03 16:45:00,,3988.0,71.0,21,Unknown,13.95
18517,1970-10-19 14:52:00,,5535.0,140.0,30,81.0,21.0
18517,1970-10-19 14:52:00,,4552.0,146.0,30,81.0,29.8
18517,1970-10-19 14:52:00,,5587.0,101.0,30,81.0,25.6
19166,1970-01-04 18:02:00,,1910.0,48.0,3,Unknown,12.0
19166,1970-01-04 18:02:00,,8629.0,173.0,3,Unknown,7.0
20130,1970-10-21 16:54:00,,1160.0,92.0,36,129.0,15.2
20713,1970-09-24 18:37:00,,5591.0,40.0,16,42.0,10.92
20713,1970-09-24 18:37:00,,6996.0,40.0,16,42.0,4.08
23563,1971-12-10 13:19:00,,6213.0,99.0,38,27.0,13.5
24378,1971-11-02 15:58:00,30939.0,6973.0,91.0,38,142.0,10.4
26142,1970-08-14 11:50:00,,1665.0,92.0,1,Unknown,18.5
26142,1970-08-14 11:50:00,,3959.0,92.0,1,Unknown,18.5
35190,1970-09-11 14:48:00,,5559.0,140.0,21,147.0,4.0
35190,1970-09-11 14:48:00,,5538.0,140.0,21,147.0,4.0
37229,1970-11-12 15:30:00,,6995.0,40.0,1,34.0,6.8
42374,1970-06-04 11:49:00,,5534.0,44.0,5,Unknown,1.0
42374,1970-06-04 11:49:00,,1760.0,71.0,5,Unknown,4.8
42374,1970-06-04 11:49:00,,1759.0,71.0,5,Unknown,3.4
42374,1970-06-04 11:49:00,,1038.0,110.0,5,Unknown,5.0
45415,1970-02-25 20:42:00,,4363.0,127.0,11,Unknown,10.0
45415,1970-02-25 20:42:00,,2952.0,75.0,11,Unknown,16.5
46993,1970-03-16 20:22:00,,4437.0,71.0,8,Unknown,7.0
46993,1970-03-16 20:22:00,,8629.0,173.0,8,Unknown,10.0
49099,1970-05-27 10:31:00,,2822.0,144.0,33,132.0,10.5
49099,1970-05-27 10:31:00,,3950.0,134.0,33,132.0,8.5
49099,1970-05-27 10:31:00,,1013.0,110.0,33,132.0,5.0
49246,1970-10-07 13:06:00,22657.0,1142.0,92.0,15,1.0,15.2
49246,1970-10-07 13:06:00,22657.0,5133.0,131.0,15,1.0,13.4
53423,1970-03-08 12:02:00,,846.0,68.0,16,Unknown,16.0
54996,1971-11-06 14:49:00,,3280.0,71.0,36,207.0,3.5
54996,1971-11-06 14:49:00,,3281.0,71.0,36,207.0,3.5
54996,1971-11-06 14:49:00,,4325.0,71.0,36,207.0,1.0
55815,1970-10-30 13:14:00,,5315.0,146.0,4,117.0,15.4
56141,1970-09-06 14:16:00,,2194.0,49.0,28,62.0,13.9
56593,1970-10-02 14:41:00,,2971.0,140.0,7,165.0,11.3
64097,1970-09-15 09:27:00,,5481.0,163.0,22,Unknown,13.2
64097,1970-09-15 09:27:00,,5993.0,134.0,22,Unknown,10.9
67694,1970-03-19 16:48:00,,832.0,68.0,35,Unknown,16.5
67997,1970-11-26 15:34:00,,7103.0,148.0,32,30.0,5.0
67997,1970-11-26 15:34:00,,5765.0,36.0,32,30.0,30.0
70341,1970-06-03 13:51:00,,3983.0,75.0,11,Unknown,13.0
71424,1970-02-06 11:47:00,,4495.0,134.0,29,Unknown,9.45
71424,1970-02-06 11:47:00,,3952.0,134.0,29,Unknown,11.25
71424,1970-02-06 11:47:00,,3950.0,134.0,29,Unknown,7.65
72343,1970-10-09 14:54:00,,5583.0,99.0,27,52.0,10.0
77908,1971-12-22 13:01:00,,1581.0,76.0,22,9.0,17.0
77908,1971-12-22 13:01:00,,3984.0,71.0,22,9.0,15.0
77908,1971-12-22 13:01:00,,2601.0,82.0,22,9.0,8.0
79252,1970-06-09 18:40:00,,4440.0,92.0,1,Unknown,14.0
81090,1970-06-17 09:59:00,,2192.0,49.0,11,Unknown,12.0
81090,1970-06-17 09:59:00,,2200.0,49.0,11,Unknown,12.0
81090,1970-06-17 09:59:00,,3352.0,49.0,11,Unknown,14.0
81090,1970-06-17 09:59:00,,2085.0,99.0,11,Unknown,12.0
83280,1970-12-02 18:34:00,,4078.0,92.0,9,34.0,21.7
83566,1970-12-21 10:51:00,72879.0,4276.0,30.0,3,133.0,12.51
83566,1970-12-21 10:51:00,72879.0,5291.0,94.0,3,133.0,16.56
83566,1970-12-21 10:51:00,72879.0,8465.0,136.0,3,133.0,9.0
84280,1970-07-07 17:47:00,,348.0,36.0,21,Unknown,23.85
84280,1970-07-07 17:47:00,,4360.0,127.0,21,Unknown,9.27
84280,1970-07-07 17:47:00,,3343.0,127.0,21,Unknown,13.86
84280,1970-07-07 17:47:00,,1262.0,109.0,21,Unknown,9.0
84280,1970-07-07 17:47:00,,900.0,109.0,21,Unknown,13.95
87095,1970-10-16 11:57:00,,1762.0,71.0,27,130.0,7.0
88591,1970-11-12 14:12:00,,4552.0,146.0,35,35.0,14.9
90101,1970-02-10 16:08:00,,6529.0,75.0,29,Unknown,16.5
95959,1970-03-04 12:50:00,,1759.0,71.0,17,Unknown,3.4
96302,1971-11-12 09:19:00,,5446.0,94.0,15,207.0,10.94
96302,1971-11-12 09:19:00,,5445.0,94.0,15,207.0,10.56
96302,1971-11-12 09:19:00,,5445.0,94.0,15,207.0,10.56
96302,1971-11-12 09:19:00,,5446.0,94.0,15,207.0,10.94
96302,1971-11-12 09:19:00,,4362.0,127.0,15,207.0,14.9
96302,1971-11-12 09:19:00,,3343.0,127.0,15,207.0,15.4
96554,1972-02-11 14:16:00,62213.0,5956.0,140.0,22,211.0,13.7
96554,1972-02-11 14:16:00,62213.0,2994.0,71.0,22,211.0,4.8
96677,1973-09-11 18:52:00,,6759.0,163.0,8,284.0,15.8
96677,1973-09-11 18:52:00,,1698.0,40.0,8,284.0,27.9
97401,1970-10-14 09:19:00,,5597.0,140.0,7,155.0,15.0
100644,1970-12-09 15:36:00,160320.0,1669.0,91.0,9,Unknown,24.3
105119,1973-09-13 11:07:00,59875.0,5168.0,24.0,8,17.0,4.9
105119,1973-09-13 11:07:00,59875.0,6842.0,76.0,8,17.0,18.9
105119,1973-09-13 11:07:00,59875.0,1688.0,134.0,8,17.0,12.9
109022,1970-03-16 17:50:00,,2824.0,49.0,32,Unknown,18.5
110380,1970-12-10 12:44:00,,5767.0,36.0,5,141.0,30.0
113658,1970-02-04 13:13:00,,841.0,69.0,7,Unknown,4.5
116385,1970-02-06 13:00:00,,360.0,36.0,28,Unknown,10.0
117156,1970-12-11 12:58:00,,5781.0,36.0,11,34.0,10.5
119619,1970-06-02 09:51:00,,3519.0,71.0,27,Unknown,16.6
126907,1970-02-10 12:06:00,,4102.0,71.0,8,Unknown,14.5
128921,1970-11-13 11:30:00,,6973.0,91.0,22,122.0,12.2
128921,1970-11-13 11:30:00,,743.0,91.0,22,122.0,15.0
128921,1970-11-13 11:30:00,,5446.0,94.0,22,122.0,8.15
128921,1970-11-13 11:30:00,,5445.0,94.0,22,122.0,9.85
129140,1970-10-02 15:16:00,,6532.0,75.0,11,97.0,12.5
129140,1970-10-02 15:16:00,,6531.0,75.0,11,97.0,12.5
129843,1970-08-21 14:25:00,,5538.0,140.0,1,Unknown,4.0
134069,1970-06-15 13:13:00,,5171.0,24.0,23,Unknown,4.2
135923,1972-07-19 11:34:00,56714.0,8465.0,136.0,22,198.0,10.5
135923,1972-07-19 11:34:00,56714.0,2994.0,71.0,22,198.0,4.8
135923,1972-07-19 11:34:00,56714.0,5904.0,71.0,22,198.0,3.4
138634,1972-03-31 10:23:00,64359.0,6087.0,92.0,27,217.0,25.5
138634,1972-03-31 10:23:00,64359.0,6098.0,92.0,27,217.0,27.5
138634,1972-03-31 10:23:00,64359.0,8475.0,68.0,27,217.0,20.5
138634,1972-03-31 10:23:00,64359.0,6355.0,71.0,27,217.0,8.0
138634,1972-03-31 10:23:00,64359.0,5994.0,71.0,27,217.0,5.0
140440,1970-10-17 12:30:00,144252.0,5583.0,99.0,8,118.0,9.32
140440,1970-10-17 12:30:00,144252.0,5393.0,131.0,8,118.0,20.03
141652,1970-12-03 16:20:00,131001.0,5186.0,44.0,16,127.0,4.78
141652,1970-12-03 16:20:00,131001.0,4260.0,127.0,16,127.0,6.88
141652,1970-12-03 16:20:00,131001.0,4364.0,127.0,16,127.0,9.54
141652,1970-12-03 16:20:00,131001.0,5489.0,125.0,16,127.0,21.52
141652,1970-12-03 16:20:00,131001.0,6228.0,48.0,16,127.0,30.24
141652,1970-12-03 16:20:00,131001.0,5477.0,48.0,16,127.0,9.92
141652,1970-12-03 16:20:00,131001.0,2859.0,48.0,16,127.0,14.32
141652,1970-12-03 16:20:00,131001.0,5401.0,132.0,16,127.0,6.8
141652,1970-12-03 16:20:00,131001.0,2195.0,49.0,16,127.0,11.12
141652,1970-12-03 16:20:00,131001.0,5769.0,164.0,16,127.0,28.0
146723,1970-06-01 13:29:00,,3983.0,75.0,28,Unknown,13.0
152780,1970-03-06 16:39:00,,320.0,170.0,26,Unknown,20.0
154722,1970-01-18 17:55:00,,5233.0,133.0,22,Unknown,11.9
155070,1970-06-23 13:57:00,,1608.0,75.0,1,Unknown,12.0
160487,1970-01-24 15:06:00,,1989.0,75.0,8,Unknown,14.85
160487,1970-01-24 15:06:00,,1761.0,76.0,8,Unknown,14.85
165520,1972-11-28 17:18:00,,7071.0,109.0,20,274.0,14.2
172989,1970-10-01 12:00:00,,6532.0,75.0,22,Unknown,17.0
173518,1971-11-20 12:12:00,,8442.0,110.0,38,142.0,5.0
173718,1970-11-18 12:58:00,,4552.0,146.0,15,1.0,14.9
176914,1970-03-26 14:15:00,,2733.0,71.0,16,Unknown,3.4
176914,1970-03-26 14:15:00,,2441.0,75.0,16,Unknown,16.5
179751,1970-12-17 12:54:00,,2441.0,75.0,9,Unknown,17.0
181683,1970-12-21 17:31:00,,2952.0,75.0,28,24.0,16.99
181683,1970-12-21 17:31:00,,5588.0,101.0,28,24.0,17.4
187499,1970-10-19 15:49:00,,749.0,91.0,9,Unknown,15.0
189465,1970-12-20 11:34:00,,5583.0,99.0,1,36.0,12.8
189465,1970-12-20 11:34:00,,3739.0,94.0,1,36.0,12.5
189465,1970-12-20 11:34:00,,4335.0,73.0,1,36.0,10.78
189465,1970-12-20 11:34:00,,4334.0,73.0,1,36.0,12.22
189465,1970-12-20 11:34:00,,8629.0,173.0,1,36.0,4.0
191900,1970-08-07 13:50:00,,1712.0,163.0,9,Unknown,14.32
191900,1970-08-07 13:50:00,,3986.0,71.0,9,Unknown,5.6
192635,1970-06-17 15:04:00,,6457.0,92.0,33,132.0,20.0
194413,1970-06-30 17:45:00,,5136.0,131.0,20,Unknown,19.5
194413,1970-06-30 17:45:00,,4584.0,131.0,20,Unknown,28.5
195334,1970-08-27 14:37:00,,2984.0,140.0,1,Unknown,14.9
195749,1971-11-17 15:57:00,,3951.0,134.0,13,144.0,7.5
201367,1970-02-01 10:17:00,,3973.0,75.0,21,Unknown,16.5
202407,1970-12-18 16:54:00,,5400.0,132.0,9,Unknown,8.5
204351,1970-04-22 09:35:00,,4362.0,127.0,32,Unknown,11.2
204351,1970-04-22 09:35:00,,3210.0,173.0,32,Unknown,10.0
205489,1972-04-26 17:35:00,161904.0,5570.0,140.0,27,50.0,12.96
207494,1970-11-20 13:18:00,,4051.0,75.0,23,65.0,7.0
208645,1972-12-21 15:30:00,32367.0,6327.0,49.0,16,298.0,13.7
208645,1972-12-21 15:30:00,32367.0,4078.0,92.0,16,298.0,23.5
217073,1970-04-06 18:15:00,,5262.0,71.0,1,Unknown,7.0
218249,1970-06-03 13:32:00,,5402.0,132.0,7,Unknown,8.5
220469,1970-12-15 12:41:00,,2375.0,64.0,19,33.0,14.5
220469,1970-12-15 12:41:00,,2328.0,64.0,19,33.0,20.4
220940,1970-12-02 14:47:00,,5793.0,36.0,27,50.0,8.0
220960,1970-02-24 15:41:00,,5133.0,131.0,17,Unknown,11.5
220960,1970-02-24 15:41:00,,2195.0,49.0,17,Unknown,12.15
220960,1970-02-24 15:41:00,,2193.0,49.0,17,Unknown,12.15
220960,1970-02-24 15:41:00,,5136.0,131.0,17,Unknown,17.55
221445,1970-06-20 15:18:00,,4101.0,75.0,1,Unknown,16.5
221445,1970-06-20 15:18:00,,3004.0,24.0,1,Unknown,10.0
222901,1970-12-10 14:04:00,,3987.0,71.0,2,170.0,4.0
224267,1970-04-14 16:00:00,,2971.0,140.0,1,Unknown,10.17
224267,1970-04-14 16:00:00,,2685.0,52.0,1,Unknown,13.05
224267,1970-04-14 16:00:00,,2044.0,44.0,1,Unknown,11.34
229202,1970-08-14 09:47:00,,3774.0,94.0,9,Unknown,11.3
229202,1970-08-14 09:47:00,,4521.0,94.0,9,Unknown,15.7
231885,1970-12-02 15:10:00,,5839.0,71.0,15,1.0,7.0
231885,1970-12-02 15:10:00,,566.0,173.0,15,1.0,2.1
232009,1970-03-15 14:36:00,,3955.0,134.0,5,Unknown,8.5
232009,1970-03-15 14:36:00,,5262.0,71.0,5,Unknown,7.0
236802,1970-12-22 14:00:00,25697.0,5481.0,163.0,21,11.0,11.88
236802,1970-12-22 14:00:00,25697.0,2859.0,48.0,21,11.0,16.11
236802,1970-12-22 14:00:00,25697.0,2850.0,48.0,21,11.0,12.51
239471,1970-11-05 12:20:00,,5585.0,99.0,16,42.0,7.8
240622,1970-04-15 18:50:00,,4075.0,92.0,1,Unknown,21.3
244005,1970-12-03 15:51:00,,4362.0,127.0,15,31.0,14.4
244148,1970-11-25 16:14:00,,1661.0,92.0,36,129.0,18.9
248783,1970-11-05 17:39:00,,7040.0,91.0,8,72.0,18.9
248984,1970-10-22 11:21:00,,2197.0,49.0,11,97.0,17.9
248984,1970-10-22 11:21:00,,2200.0,49.0,11,97.0,12.4
261767,1971-01-03 14:16:00,,5636.0,148.0,29,36.0,5.95
261767,1971-01-03 14:16:00,,5638.0,148.0,29,36.0,13.3
261767,1971-01-03 14:16:00,,4069.0,92.0,29,36.0,21.2
261767,1971-01-03 14:16:00,,2383.0,119.0,29,36.0,5.0
261767,1971-01-03 14:16:00,,2387.0,119.0,29,36.0,5.0
261767,1971-01-03 14:16:00,,5136.0,131.0,29,36.0,15.0
261767,1971-01-03 14:16:00,,5316.0,146.0,29,36.0,17.4
261767,1971-01-03 14:16:00,,6557.0,146.0,29,36.0,14.4
267049,1972-11-22 18:34:00,,6744.0,36.0,22,252.0,25.0
267386,1970-10-12 11:52:00,,5589.0,101.0,28,62.0,7.0
267386,1970-10-12 11:52:00,,5582.0,101.0,28,62.0,9.7
270004,1970-10-28 10:06:00,,4160.0,92.0,11,100.0,13.5
274529,1970-06-10 14:01:00,,1143.0,92.0,7,Unknown,16.5
275449,1970-10-13 13:29:00,124978.0,2971.0,140.0,28,141.0,10.17
275495,1970-03-01 14:07:00,,3765.0,146.0,13,Unknown,20.5
275495,1970-03-01 14:07:00,,5262.0,71.0,13,Unknown,7.0
276054,1970-04-13 16:36:00,,4198.0,30.0,14,Unknown,11.34
279785,1970-03-31 11:35:00,,1124.0,134.0,26,Unknown,7.65
279785,1970-03-31 11:35:00,,1000.0,92.0,26,Unknown,18.27
280568,1970-01-09 15:27:00,,5316.0,146.0,20,Unknown,17.0
282801,1970-08-18 11:13:00,,5317.0,71.0,9,Unknown,3.5
290173,1970-02-08 15:46:00,,320.0,170.0,33,132.0,20.0
292051,1970-12-29 17:57:00,,5507.0,75.0,9,Unknown,17.0
294077,1970-11-17 10:09:00,128589.0,4552.0,146.0,16,42.0,13.41
295175,1970-02-25 17:31:00,,2198.0,49.0,28,Unknown,18.0
295175,1970-02-25 17:31:00,,7028.0,109.0,28,Unknown,13.05
295175,1970-02-25 17:31:00,,2193.0,49.0,28,Unknown,12.15
299033,1970-11-09 17:44:00,,2733.0,71.0,9,Unknown,3.4
299033,1970-11-09 17:44:00,,3663.0,24.0,9,Unknown,3.0
302236,1970-09-03 17:16:00,,5552.0,140.0,1,Unknown,3.2
302236,1970-09-03 17:16:00,,2047.0,71.0,1,Unknown,2.72
302236,1970-09-03 17:16:00,,5538.0,140.0,1,Unknown,3.2
303721,1970-03-20 11:57:00,,1734.0,92.0,3,Unknown,17.3
303721,1970-03-20 11:57:00,,832.0,68.0,3,Unknown,16.5
307447,1970-10-30 13:02:00,,5395.0,131.0,5,116.0,16.9
308272,1970-12-20 17:24:00,25754.0,4552.0,146.0,5,116.0,7.45
308272,1970-12-20 17:24:00,25754.0,384.0,36.0,5,116.0,17.5
308272,1970-12-20 17:24:00,25754.0,5587.0,101.0,5,116.0,6.4
308272,1970-12-20 17:24:00,25754.0,3983.0,75.0,5,116.0,8.5
308272,1970-12-20 17:24:00,25754.0,5899.0,44.0,5,116.0,1.25
308621,1970-01-24 17:22:00,,5401.0,132.0,1,Unknown,8.5
308621,1970-01-24 17:22:00,,776.0,146.0,1,Unknown,14.0
310021,1970-04-08 15:31:00,,3461.0,44.0,26,Unknown,2.7
321750,1970-02-09 18:06:00,,3950.0,134.0,22,Unknown,8.5
321750,1970-02-09 18:06:00,,360.0,36.0,22,Unknown,5.0
321750,1970-02-09 18:06:00,,360.0,36.0,22,Unknown,5.0
323501,1970-11-02 10:22:00,,5636.0,148.0,5,92.0,8.5
323501,1970-11-02 10:22:00,,5681.0,36.0,5,92.0,10.5
328772,1970-01-04 14:44:00,,1126.0,46.0,6,Unknown,7.5
328772,1970-01-04 14:44:00,,1038.0,110.0,6,Unknown,5.0
330578,1970-06-30 13:21:00,,3921.0,92.0,5,Unknown,21.6
330578,1970-06-30 13:21:00,,3983.0,75.0,5,Unknown,13.0
330660,1970-10-23 16:47:00,1534.0,6456.0,92.0,1,145.0,13.5
333749,1970-05-08 11:13:00,,3317.0,144.0,19,Unknown,14.0
335263,1972-12-15 15:33:00,35983.0,6684.0,36.0,33,13.0,9.0
335263,1972-12-15 15:33:00,35983.0,5508.0,75.0,33,13.0,7.0
337718,1970-12-21 12:19:00,,5724.0,36.0,21,1.0,28.5
341554,1971-02-12 14:43:00,,7105.0,148.0,26,48.0,3.5
342932,1970-04-22 12:05:00,,3725.0,140.0,16,Unknown,9.9
343410,1970-11-20 10:03:00,,5748.0,99.0,8,72.0,6.0
344832,1970-11-10 14:45:00,,5391.0,82.0,11,78.0,14.4
347310,1970-06-23 17:39:00,,4340.0,95.0,11,Unknown,16.4
347310,1970-06-23 17:39:00,,2383.0,119.0,11,Unknown,10.0
347310,1970-06-23 17:39:00,,2387.0,119.0,11,Unknown,10.0
347310,1970-06-23 17:39:00,,3496.0,29.0,11,Unknown,10.4
347310,1970-06-23 17:39:00,,2193.0,49.0,11,Unknown,10.8
347310,1970-06-23 17:39:00,,3070.0,119.0,11,Unknown,32.0
347310,1970-06-23 17:39:00,,6564.0,119.0,11,Unknown,30.8
347310,1970-06-23 17:39:00,,3071.0,119.0,11,Unknown,32.0
347310,1970-06-23 17:39:00,,3138.0,119.0,11,Unknown,15.0
347310,1970-06-23 17:39:00,,4362.0,127.0,11,Unknown,11.2
347310,1970-06-23 17:39:00,,6550.0,119.0,11,Unknown,24.0
347310,1970-06-23 17:39:00,,3482.0,75.0,11,Unknown,9.6
348340,1970-11-12 11:24:00,,5260.0,71.0,11,100.0,15.0
348340,1970-11-12 11:24:00,,3957.0,146.0,11,100.0,18.9
348340,1970-11-12 11:24:00,,5535.0,140.0,11,100.0,10.5
348908,1971-12-04 12:31:00,15484.0,6457.0,92.0,28,229.0,18.0
348908,1971-12-04 12:31:00,15484.0,6456.0,92.0,28,229.0,18.0
348908,1971-12-04 12:31:00,15484.0,6064.0,99.0,28,229.0,10.8
348908,1971-12-04 12:31:00,15484.0,3708.0,71.0,28,229.0,3.2
348908,1971-12-04 12:31:00,15484.0,5257.0,75.0,28,229.0,5.6
349895,1970-12-08 19:45:00,,5732.0,36.0,29,58.0,35.0
353991,1972-12-08 14:51:00,,3669.0,24.0,22,54.0,3.5
353991,1972-12-08 14:51:00,,4424.0,24.0,22,54.0,4.5
354402,1971-12-22 17:52:00,,6170.0,36.0,1,26.0,39.5
355512,1971-01-11 15:26:00,,2375.0,64.0,19,33.0,14.5
357060,1970-06-22 16:15:00,,2989.0,148.0,4,Unknown,7.5
357273,1970-12-18 14:19:00,,3983.0,75.0,35,35.0,17.0
364403,1971-12-23 14:15:00,,6331.0,36.0,20,26.0,49.0
364599,1970-05-28 14:26:00,,5505.0,85.0,35,Unknown,5.0
367192,1970-06-24 11:49:00,,968.0,110.0,21,39.0,7.5
369651,1972-12-11 18:53:00,,6744.0,36.0,22,198.0,25.0
375941,1970-11-27 16:20:00,,5701.0,36.0,9,Unknown,28.5
380380,1971-03-15 12:08:00,,2197.0,49.0,11,36.0,17.9
382792,1970-10-30 16:38:00,,3640.0,29.0,1,149.0,10.8
382792,1970-10-30 16:38:00,,3641.0,29.0,1,149.0,16.9
382792,1970-10-30 16:38:00,,3518.0,28.0,1,149.0,11.7
385717,1970-12-18 15:46:00,,566.0,173.0,15,31.0,6.8
386378,1970-04-16 13:08:00,,2441.0,75.0,3,Unknown,16.5
387268,1970-05-08 09:07:00,,4208.0,75.0,21,Unknown,16.5
387793,1970-01-19 13:41:00,,943.0,110.0,6,Unknown,5.0
391024,1970-02-23 12:57:00,,8629.0,173.0,33,132.0,10.0
391728,1970-08-09 09:46:00,,4552.0,146.0,21,39.0,14.9
397622,1972-12-15 12:46:00,,2801.0,28.0,22,252.0,14.5
404412,1970-12-23 19:29:00,,2192.0,49.0,5,92.0,12.4
412124,1970-08-16 09:16:00,,5136.0,131.0,8,Unknown,10.0
412124,1970-08-16 09:16:00,,6228.0,48.0,8,Unknown,10.0
412989,1970-12-18 14:47:00,,3279.0,71.0,23,10.0,7.0
414427,1971-02-04 10:30:00,,5839.0,71.0,14,119.0,7.0
414427,1971-02-04 10:30:00,,2441.0,75.0,14,119.0,12.0
418907,1970-04-13 13:55:00,,2994.0,71.0,8,Unknown,4.8
418907,1970-04-13 13:55:00,,3546.0,71.0,8,Unknown,3.4
418907,1970-04-13 13:55:00,,4340.0,95.0,8,Unknown,20.5
419552,1970-11-23 11:38:00,,5585.0,99.0,11,71.0,7.8
419731,1970-03-12 16:15:00,,1707.0,163.0,28,Unknown,6.8
419731,1970-03-12 16:15:00,,2859.0,48.0,28,Unknown,14.0
419731,1970-03-12 16:15:00,,3472.0,92.0,28,Unknown,19.2
419945,1970-10-22 14:22:00,,6529.0,75.0,1,138.0,13.6
419945,1970-10-22 14:22:00,,3750.0,163.0,1,138.0,8.64
422955,1970-06-22 15:28:00,,3482.0,75.0,8,Unknown,6.0
422955,1970-06-22 15:28:00,,5317.0,71.0,8,Unknown,2.24
422962,1970-01-28 18:02:00,,2373.0,62.0,6,Unknown,12.8
423338,1970-11-04 13:55:00,,5640.0,148.0,28,152.0,4.0
424799,1971-01-25 13:57:00,,5409.0,140.0,17,32.0,6.5
424799,1971-01-25 13:57:00,,5570.0,140.0,17,32.0,13.0
425363,1970-06-30 11:18:00,,3949.0,134.0,14,Unknown,10.5
425363,1970-06-30 11:18:00,,1757.0,75.0,14,Unknown,6.9
430535,1971-02-11 15:13:00,,2894.0,75.0,14,87.0,7.0
431548,1971-12-18 15:44:00,,3743.0,94.0,28,24.0,5.0
431548,1971-12-18 15:44:00,,5965.0,94.0,28,24.0,7.0
437389,1973-07-14 16:06:00,,6767.0,94.0,1,166.0,24.1
438809,1970-07-06 15:31:00,,4105.0,75.0,1,Unknown,7.0
438809,1970-07-06 15:31:00,,1989.0,75.0,1,Unknown,17.0
439825,1970-02-23 13:41:00,,1013.0,110.0,7,Unknown,5.0
440031,1970-02-10 14:24:00,,5408.0,140.0,20,Unknown,6.5
443217,1970-07-08 18:33:00,,3281.0,71.0,5,Unknown,4.5
443217,1970-07-08 18:33:00,,1629.0,71.0,5,Unknown,2.0
443403,1972-12-11 16:47:00,,6428.0,71.0,30,14.0,6.0
454303,1970-06-21 11:16:00,,3769.0,148.0,14,Unknown,5.0
454303,1970-06-21 11:16:00,,942.0,110.0,14,Unknown,5.0
454568,1970-12-15 11:12:00,,6988.0,110.0,7,5.0,7.5
455548,1970-12-05 16:56:00,,3282.0,71.0,21,40.0,7.0
455548,1970-12-05 16:56:00,,944.0,110.0,21,40.0,7.5
455548,1970-12-05 16:56:00,,5896.0,44.0,21,40.0,1.0
465515,1970-03-05 15:52:00,,3000.0,71.0,33,132.0,14.5
469908,1970-08-25 14:21:00,,5023.0,28.0,23,Unknown,5.5
469924,1970-08-26 11:14:00,,5324.0,164.0,20,Unknown,13.5
470702,1970-08-21 11:29:00,,6477.0,28.0,1,Unknown,3.0
470702,1970-08-21 11:29:00,,3458.0,44.0,1,Unknown,5.9
470702,1970-08-21 11:29:00,,5587.0,101.0,1,Unknown,12.8
470702,1970-08-21 11:29:00,,5583.0,99.0,1,Unknown,12.8
471163,1971-01-02 16:05:00,,3705.0,71.0,5,116.0,4.0
471163,1971-01-02 16:05:00,,942.0,110.0,5,116.0,5.0
471163,1971-01-02 16:05:00,,1038.0,110.0,5,116.0,5.0
471163,1971-01-02 16:05:00,,3665.0,24.0,5,116.0,3.0
473050,1970-12-01 10:10:00,,5680.0,36.0,11,78.0,10.5
473050,1970-12-01 10:10:00,,5681.0,36.0,11,78.0,10.5
473386,1970-12-18 15:02:00,,4440.0,92.0,33,13.0,7.2
473386,1970-12-18 15:02:00,,3973.0,75.0,33,13.0,17.0
476354,1970-02-10 15:41:00,,3315.0,138.0,6,Unknown,14.0
476354,1970-02-10 15:41:00,,5263.0,71.0,6,Unknown,3.4
478542,1972-01-18 18:01:00,,6189.0,148.0,13,144.0,9.0
480656,1970-12-02 14:10:00,,5693.0,44.0,11,100.0,3.0
480656,1970-12-02 14:10:00,,5839.0,71.0,11,100.0,7.0
480656,1970-12-02 14:10:00,,3800.0,71.0,11,100.0,3.6
480656,1970-12-02 14:10:00,,349.0,36.0,11,100.0,24.5
481943,1970-12-19 18:30:00,,5899.0,44.0,29,20.0,2.5
481943,1970-12-19 18:30:00,,383.0,36.0,29,20.0,45.0
484532,1970-07-12 13:35:00,,6532.0,75.0,28,Unknown,15.3
484720,1971-06-01 14:20:00,,5678.0,36.0,9,Unknown,5.0
484929,1971-03-08 20:06:00,,3482.0,75.0,1,2.0,13.5
485520,1971-03-18 14:50:00,,4208.0,75.0,6,132.0,17.0
489198,1970-01-29 16:43:00,,5259.0,71.0,23,Unknown,8.5
496351,1971-06-13 11:43:00,,3476.0,92.0,32,30.0,24.5
496351,1971-06-13 11:43:00,,832.0,68.0,32,30.0,16.9
497082,1972-02-03 17:53:00,,8503.0,110.0,16,66.0,5.0
497902,1970-07-05 10:44:00,,5317.0,71.0,11,Unknown,4.5
499925,1970-12-18 15:20:00,,5289.0,40.0,9,Unknown,14.7
506573,1971-01-07 16:06:00,52452.0,5403.0,132.0,15,31.0,9.45
509184,1970-05-21 09:39:00,,5603.0,85.0,16,Unknown,5.0
509184,1970-05-21 09:39:00,,1222.0,91.0,16,Unknown,8.56
509184,1970-05-21 09:39:00,,1256.0,91.0,16,Unknown,8.56
509184,1970-05-21 09:39:00,,843.0,69.0,16,Unknown,3.2
509184,1970-05-21 09:39:00,,4120.0,71.0,16,Unknown,3.84
509184,1970-05-21 09:39:00,,2607.0,82.0,16,Unknown,5.12
513188,1970-07-16 10:49:00,,5317.0,71.0,5,Unknown,4.5
513188,1970-07-16 10:49:00,,3281.0,71.0,5,Unknown,4.5
515489,1971-02-23 17:04:00,,5839.0,71.0,2,170.0,7.0
515489,1971-02-23 17:04:00,,1013.0,110.0,2,170.0,5.0
516511,1970-01-15 17:34:00,,1224.0,110.0,25,Unknown,7.5
516688,1970-12-29 17:16:00,,5587.0,101.0,20,75.0,12.8
516688,1970-12-29 17:16:00,,5583.0,99.0,20,75.0,12.8
517407,1970-07-13 10:40:00,,999.0,48.0,22,Unknown,18.9
517407,1970-07-13 10:40:00,,5507.0,75.0,22,Unknown,17.0
520138,1970-12-28 14:56:00,,3210.0,173.0,23,109.0,10.0
520376,1970-11-23 14:15:00,28852.0,3749.0,140.0,1,138.0,11.34
520376,1970-11-23 14:15:00,28852.0,2971.0,140.0,1,138.0,10.17
523999,1970-11-19 16:35:00,,5583.0,99.0,28,152.0,38.4
524677,1970-07-17 10:06:00,,2187.0,76.0,5,Unknown,10.0
524677,1970-07-17 10:06:00,,4201.0,71.0,5,Unknown,7.5
524677,1970-07-17 10:06:00,,3665.0,24.0,5,Unknown,3.0
527403,1971-04-13 12:12:00,,5258.0,76.0,19,33.0,17.0
528613,1970-03-11 10:21:00,,4208.0,75.0,22,Unknown,16.5
533083,1970-11-29 12:56:00,,2988.0,71.0,5,179.0,15.0
535627,1970-01-16 13:22:00,,1608.0,75.0,5,Unknown,12.0
542436,1970-06-11 14:17:00,,2822.0,144.0,30,207.0,10.5
543686,1972-12-07 10:07:00,,6321.0,99.0,32,256.0,3.7
543686,1972-12-07 10:07:00,,6325.0,99.0,32,256.0,3.7
547575,1970-04-03 11:06:00,,4021.0,142.0,13,Unknown,19.5
547575,1970-04-03 11:06:00,,4481.0,84.0,13,Unknown,17.5
547575,1970-04-03 11:06:00,,3522.0,71.0,13,Unknown,13.9
550460,1972-02-08 13:07:00,35003.0,8468.0,101.0,13,118.0,7.5
550460,1972-02-08 13:07:00,35003.0,6067.0,99.0,13,118.0,8.5
559289,1970-12-18 14:09:00,,5791.0,164.0,36,15.0,26.5
559289,1970-12-18 14:09:00,,5842.0,71.0,36,15.0,7.0
560297,1971-01-15 16:14:00,155910.0,6490.0,76.0,4,103.0,15.3
560297,1971-01-15 16:14:00,155910.0,3210.0,173.0,4,103.0,10.0
560361,1970-03-13 14:05:00,,3665.0,24.0,22,Unknown,2.8
560361,1970-03-13 14:05:00,,4552.0,146.0,22,Unknown,14.5
560404,1970-03-25 18:01:00,,4489.0,84.0,28,Unknown,19.5
566431,1970-02-17 17:27:00,,1119.0,68.0,1,Unknown,20.0
566431,1970-02-17 17:27:00,,3918.0,92.0,1,Unknown,24.0
567290,1971-02-03 16:36:00,,5136.0,131.0,30,82.0,19.9
567290,1971-02-03 16:36:00,,5916.0,44.0,30,82.0,1.5
570377,1971-02-01 12:19:00,,3663.0,24.0,15,31.0,3.0
570377,1971-02-01 12:19:00,,3665.0,24.0,15,31.0,3.0
570377,1971-02-01 12:19:00,,3756.0,24.0,15,31.0,3.0
571069,1973-02-09 14:47:00,,4173.0,49.0,19,275.0,26.8
571237,1971-04-28 14:43:00,,6532.0,75.0,6,51.0,17.0
571237,1971-04-28 14:43:00,,6988.0,110.0,6,51.0,7.5
576014,1971-05-10 13:02:00,,5608.0,71.0,19,33.0,8.0
576014,1971-05-10 13:02:00,,5610.0,71.0,19,33.0,8.0
576816,1971-08-26 15:17:00,,5839.0,71.0,3,99.0,7.0
576816,1971-08-26 15:17:00,,1013.0,110.0,3,99.0,5.0
579447,1970-12-03 17:22:00,19092.0,3708.0,71.0,1,178.0,3.2
579447,1970-12-03 17:22:00,19092.0,4449.0,84.0,1,178.0,8.96
579447,1970-12-03 17:22:00,19092.0,4450.0,84.0,1,178.0,17.52
579447,1970-12-03 17:22:00,19092.0,5474.0,84.0,1,178.0,15.52
579447,1970-12-03 17:22:00,19092.0,5906.0,44.0,1,178.0,1.6
579447,1970-12-03 17:22:00,19092.0,5233.0,133.0,1,178.0,9.84
579447,1970-12-03 17:22:00,19092.0,5490.0,71.0,1,178.0,9.6
579447,1970-12-03 17:22:00,19092.0,3209.0,163.0,1,178.0,8.64
585290,1971-01-16 13:50:00,,5315.0,146.0,20,75.0,15.4
588632,1970-02-21 16:48:00,,1121.0,134.0,8,Unknown,6.5
593872,1971-01-21 14:55:00,,5607.0,71.0,35,35.0,8.0
593872,1971-01-21 14:55:00,,1221.0,91.0,35,35.0,10.9
597049,1970-07-22 16:33:00,,5842.0,71.0,22,Unknown,7.0
603505,1970-03-15 10:21:00,,8629.0,173.0,20,Unknown,10.0
604515,1971-03-02 17:10:00,,1013.0,110.0,21,40.0,5.0
605776,1971-05-31 13:33:00,,3953.0,134.0,19,33.0,8.9
615221,1970-05-19 09:14:00,,6459.0,92.0,29,Unknown,18.0
615221,1970-05-19 09:14:00,,744.0,91.0,29,Unknown,13.23
615221,1970-05-19 09:14:00,,1221.0,91.0,29,Unknown,9.63
615221,1970-05-19 09:14:00,,1265.0,109.0,29,Unknown,12.51
617583,1971-01-27 14:09:00,,5693.0,44.0,20,41.0,3.0
620256,1971-06-21 16:52:00,83510.0,2276.0,75.0,1,2.0,12.0
620256,1971-06-21 16:52:00,83510.0,2952.0,75.0,1,2.0,12.0
620256,1971-06-21 16:52:00,83510.0,2951.0,75.0,1,2.0,12.0
620256,1971-06-21 16:52:00,83510.0,8469.0,146.0,1,2.0,34.56
624152,1972-02-22 11:02:00,32623.0,4074.0,92.0,38,206.0,22.5
631061,1970-12-30 15:18:00,,3280.0,71.0,33,Unknown,5.0
631061,1970-12-30 15:18:00,,3281.0,71.0,33,Unknown,5.0
631061,1970-12-30 15:18:00,,4326.0,75.0,33,Unknown,4.5
634153,1970-08-04 14:36:00,,1781.0,144.0,19,Unknown,9.36
635441,1970-05-04 15:46:00,,5393.0,131.0,11,Unknown,21.0
637147,1971-06-20 16:41:00,,3696.0,146.0,5,68.0,9.8
639387,1971-01-04 13:47:00,128239.0,2289.0,101.0,7,163.0,11.34
639387,1971-01-04 13:47:00,128239.0,4481.0,84.0,7,163.0,16.02
639387,1971-01-04 13:47:00,128239.0,2068.0,146.0,7,163.0,4.77
644762,1970-09-10 11:02:00,,5527.0,71.0,27,Unknown,7.0
644762,1970-09-10 11:02:00,,5843.0,71.0,27,Unknown,7.0
648430,1970-12-19 14:44:00,,2082.0,99.0,11,22.0,12.4
653072,1970-04-30 14:09:00,,2082.0,99.0,2,Unknown,12.0
655537,1970-01-15 18:14:00,,5173.0,24.0,16,Unknown,4.2
656832,1972-12-19 17:19:00,,6705.0,36.0,32,260.0,39.5
662063,1971-10-22 09:59:00,26632.0,5607.0,71.0,3,158.0,6.26
662063,1971-10-22 09:59:00,26632.0,5941.0,24.0,3,158.0,5.74
662063,1971-10-22 09:59:00,26632.0,5507.0,75.0,3,158.0,9.0
663058,1970-09-09 16:31:00,,1707.0,163.0,1,Unknown,7.92
663058,1970-09-09 16:31:00,,1708.0,163.0,1,Unknown,15.21
663058,1970-09-09 16:31:00,,739.0,91.0,1,Unknown,11.61
663067,1970-03-24 14:11:00,,3885.0,144.0,7,Unknown,4.0
663067,1970-03-24 14:11:00,,6823.0,71.0,7,Unknown,5.0
663067,1970-03-24 14:11:00,,3282.0,71.0,7,Unknown,5.0
663067,1970-03-24 14:11:00,,3490.0,163.0,7,Unknown,4.0
663369,1971-01-15 13:43:00,,5281.0,40.0,29,137.0,14.7
663369,1971-01-15 13:43:00,,5425.0,144.0,29,137.0,10.0
667232,1971-01-13 15:58:00,,3950.0,134.0,25,126.0,8.9
667232,1971-01-13 15:58:00,,4552.0,146.0,25,126.0,14.9
669048,1971-09-06 12:46:00,77603.0,2296.0,101.0,20,36.0,31.5
669048,1971-09-06 12:46:00,77603.0,5403.0,132.0,20,36.0,9.45
669048,1971-09-06 12:46:00,77603.0,5488.0,125.0,20,36.0,25.65
671895,1970-04-30 12:25:00,,2275.0,44.0,13,Unknown,1.35
671895,1970-04-30 12:25:00,,5135.0,131.0,13,Unknown,6.75
671895,1970-04-30 12:25:00,,4461.0,163.0,13,Unknown,9.75
671895,1970-04-30 12:25:00,,5505.0,85.0,13,Unknown,3.5
671895,1970-04-30 12:25:00,,999.0,48.0,13,Unknown,9.25
671895,1970-04-30 12:25:00,,1172.0,91.0,13,Unknown,5.0
671895,1970-04-30 12:25:00,,1178.0,91.0,13,Unknown,5.0
671895,1970-04-30 12:25:00,,1257.0,91.0,13,Unknown,5.35
671895,1970-04-30 12:25:00,,6973.0,91.0,13,Unknown,5.95
671895,1970-04-30 12:25:00,,3210.0,173.0,13,Unknown,10.0
671895,1970-04-30 12:25:00,,3210.0,173.0,13,Unknown,10.0
671895,1970-04-30 12:25:00,,3210.0,173.0,13,Unknown,10.0
672137,1970-02-27 16:14:00,,8629.0,173.0,1,Unknown,10.0
676477,1971-08-13 12:24:00,,743.0,91.0,9,Unknown,15.0
677265,1971-01-20 15:47:00,24398.0,5281.0,40.0,29,58.0,13.23
678311,1970-02-20 11:42:00,,1782.0,144.0,4,Unknown,10.5
679599,1970-12-17 17:00:00,,2001.0,79.0,5,179.0,5.0
684998,1973-07-15 15:47:00,127424.0,6438.0,92.0,22,211.0,19.9
685080,1971-06-18 10:49:00,33489.0,2993.0,71.0,14,87.0,4.32
685080,1971-06-18 10:49:00,33489.0,2047.0,71.0,14,87.0,3.06
685080,1971-06-18 10:49:00,33489.0,1266.0,109.0,14,87.0,11.61
685080,1971-06-18 10:49:00,33489.0,1060.0,52.0,14,87.0,9.45
685080,1971-06-18 10:49:00,33489.0,1258.0,91.0,14,87.0,9.81
685080,1971-06-18 10:49:00,33489.0,1663.0,92.0,14,87.0,17.01
688687,1971-06-18 09:40:00,,5678.0,36.0,6,51.0,5.0
688983,1970-06-07 11:06:00,,5477.0,48.0,1,Unknown,12.0
688983,1970-06-07 11:06:00,,2859.0,48.0,1,Unknown,17.5
690479,1971-01-08 13:23:00,,4440.0,92.0,33,81.0,7.2
690681,1971-10-21 11:19:00,44514.0,5544.0,140.0,32,30.0,5.5
690992,1972-03-15 17:18:00,,6329.0,49.0,13,118.0,13.5
690992,1972-03-15 17:18:00,,3696.0,146.0,13,118.0,11.5
690992,1972-03-15 17:18:00,,5953.0,71.0,13,118.0,5.0
690992,1972-03-15 17:18:00,,1581.0,76.0,13,118.0,18.5
691468,1970-04-01 14:21:00,,4117.0,140.0,20,Unknown,13.05
691509,1971-10-15 10:13:00,25789.0,5621.0,80.0,26,34.0,20.0
691663,1971-11-09 15:23:00,,4078.0,92.0,3,133.0,22.5
692087,1970-09-04 13:31:00,,5839.0,71.0,8,Unknown,6.3
692087,1970-09-04 13:31:00,,2996.0,71.0,8,Unknown,13.5
693970,1970-01-14 17:52:00,,3726.0,140.0,35,Unknown,13.7
696289,1970-12-19 13:54:00,,5908.0,71.0,11,22.0,3.4
701942,1971-03-27 13:29:00,,3482.0,75.0,27,52.0,12.5
710247,1971-11-28 17:55:00,,6301.0,36.0,21,1.0,15.0
716358,1970-05-07 17:14:00,,4552.0,146.0,8,Unknown,11.5
718105,1970-03-24 11:09:00,,6532.0,75.0,23,Unknown,16.5
722393,1970-12-28 18:03:00,1365.0,5578.0,140.0,16,42.0,11.86
722393,1970-12-28 18:03:00,1365.0,1608.0,75.0,16,42.0,11.39
722393,1970-12-28 18:03:00,1365.0,3210.0,173.0,16,42.0,10.0
735092,1970-12-20 19:13:00,,5266.0,71.0,1,2.0,11.06
735092,1970-12-20 19:13:00,,5265.0,71.0,1,2.0,8.44
735092,1970-12-20 19:13:00,,3313.0,71.0,1,2.0,4.0
735801,1970-04-17 14:53:00,,5229.0,136.0,33,132.0,5.0
737689,1970-01-30 12:15:00,,2296.0,101.0,16,Unknown,14.0
737689,1970-01-30 12:15:00,,2288.0,101.0,16,Unknown,10.0
737689,1970-01-30 12:15:00,,2992.0,71.0,16,Unknown,11.6
738676,1973-08-20 16:12:00,,6577.0,138.0,1,99.0,26.3
746361,1970-03-04 11:58:00,,5523.0,71.0,1,Unknown,7.0
750519,1970-12-21 16:48:00,,942.0,110.0,1,2.0,5.0
753329,1970-02-21 15:39:00,,2298.0,101.0,25,Unknown,9.3
756717,1973-08-22 18:56:00,,5571.0,140.0,1,61.0,5.0
756717,1973-08-22 18:56:00,,5572.0,140.0,1,61.0,5.0
758724,1970-05-11 19:43:00,,1856.0,146.0,8,Unknown,22.5
759404,1970-04-20 17:02:00,,3944.0,28.0,20,Unknown,10.35
759404,1970-04-20 17:02:00,,3950.0,134.0,20,Unknown,7.65
759404,1970-04-20 17:02:00,,969.0,163.0,20,Unknown,5.94
759794,1970-12-22 13:09:00,,5583.0,99.0,5,116.0,12.8
759794,1970-12-22 13:09:00,,2197.0,49.0,5,116.0,17.9
759794,1970-12-22 13:09:00,,1124.0,134.0,5,116.0,8.9
760981,1970-06-21 12:12:00,,5250.0,136.0,21,Unknown,24.0
762960,1970-05-28 13:02:00,,7030.0,109.0,36,307.0,14.5
767239,1970-07-31 15:12:00,,4350.0,134.0,1,Unknown,6.9
769078,1971-12-11 15:08:00,,6299.0,36.0,21,1.0,14.5
769078,1971-12-11 15:08:00,,6153.0,36.0,21,1.0,10.5
769577,1970-08-17 12:20:00,,5525.0,71.0,28,Unknown,7.0
769577,1970-08-17 12:20:00,,5262.0,71.0,28,Unknown,7.0
769577,1970-08-17 12:20:00,,3310.0,71.0,28,Unknown,3.4
769577,1970-08-17 12:20:00,,5571.0,140.0,28,Unknown,4.0
769577,1970-08-17 12:20:00,,5572.0,140.0,28,Unknown,4.0
773027,1971-12-12 18:10:00,,282.0,36.0,21,1.0,24.5
773027,1971-12-12 18:10:00,,6270.0,44.0,21,1.0,1.5
774886,1971-03-20 17:33:00,,3281.0,71.0,4,117.0,4.5
775096,1971-02-18 17:09:00,,4449.0,84.0,21,148.0,11.2
777628,1971-07-28 13:11:00,95340.0,5541.0,140.0,6,132.0,11.7
777628,1971-07-28 13:11:00,95340.0,2296.0,101.0,6,132.0,15.75
780672,1971-12-07 11:50:00,,6574.0,122.0,25,34.0,10.51
780672,1971-12-07 11:50:00,,5500.0,122.0,25,34.0,12.49
782028,1970-03-31 11:06:00,,6459.0,92.0,27,Unknown,20.0
784599,1971-02-19 17:42:00,,5996.0,71.0,9,Unknown,7.0
786212,1970-01-05 18:09:00,,6529.0,75.0,26,Unknown,16.5
795090,1970-07-14 10:05:00,,5524.0,71.0,8,Unknown,7.0
795391,1971-04-27 11:03:00,,6946.0,91.0,15,31.0,10.2
799841,1970-04-29 15:45:00,,4109.0,140.0,33,132.0,13.7
800430,1970-07-23 11:05:00,,1213.0,94.0,30,207.0,13.6
800944,1970-04-14 13:18:00,,1260.0,173.0,7,Unknown,7.5
800944,1970-04-14 13:18:00,,4950.0,75.0,7,Unknown,16.5
800944,1970-04-14 13:18:00,,2520.0,51.0,7,Unknown,14.5
800944,1970-04-14 13:18:00,,2085.0,99.0,7,Unknown,12.0
801100,1970-12-24 11:39:00,,5841.0,71.0,1,2.0,7.0
801295,1971-02-14 15:30:00,12908.0,3472.0,92.0,7,163.0,12.25
801295,1971-02-14 15:30:00,12908.0,1143.0,92.0,7,163.0,8.45
803733,1970-03-01 13:40:00,,1586.0,92.0,25,Unknown,22.7
806331,1971-04-01 13:57:00,,5502.0,41.0,23,109.0,15.92
806331,1971-04-01 13:57:00,,5991.0,71.0,23,109.0,7.0
808223,1970-01-12 12:43:00,,3500.0,60.0,28,Unknown,6.2
808223,1970-01-12 12:43:00,,1036.0,29.0,28,Unknown,6.5
808223,1970-01-12 12:43:00,,1115.0,29.0,28,Unknown,6.5
808223,1970-01-12 12:43:00,,3511.0,29.0,28,Unknown,7.6
809434,1970-01-05 12:27:00,,4101.0,75.0,29,Unknown,16.5
810820,1970-01-11 15:30:00,,3337.0,127.0,26,Unknown,8.0
810820,1970-01-11 15:30:00,,2824.0,49.0,26,Unknown,16.65
810820,1970-01-11 15:30:00,,2193.0,49.0,26,Unknown,12.15
817599,1970-05-04 15:20:00,,4208.0,75.0,33,132.0,16.5
817599,1970-05-04 15:20:00,,2601.0,82.0,33,132.0,7.0
817599,1970-05-04 15:20:00,,5408.0,140.0,33,132.0,6.5
820551,1971-01-17 15:26:00,,5234.0,133.0,22,54.0,17.2
821797,1970-12-30 17:14:00,,1124.0,134.0,5,43.0,8.9
822356,1970-01-14 15:54:00,,6529.0,75.0,28,Unknown,12.0
825527,1971-12-08 16:41:00,,6823.0,71.0,5,204.0,8.0
825527,1971-12-08 16:41:00,,5904.0,71.0,5,204.0,3.32
825527,1971-12-08 16:41:00,,2994.0,71.0,5,204.0,4.68
832837,1970-05-24 17:03:00,,5395.0,131.0,5,Unknown,16.5
832837,1970-05-24 17:03:00,,4208.0,75.0,5,Unknown,16.5
836721,1970-08-25 09:42:00,,8629.0,173.0,22,Unknown,19.0
836721,1970-08-25 09:42:00,,5170.0,24.0,22,Unknown,4.3
838209,1971-05-26 17:40:00,,5285.0,40.0,26,95.0,14.7
840477,1972-05-05 09:14:00,,2999.0,71.0,38,206.0,15.5
840477,1972-05-05 09:14:00,,6428.0,71.0,38,206.0,6.0
844879,1971-04-15 17:16:00,,5391.0,82.0,4,44.0,14.4
845963,1971-10-06 15:36:00,,2992.0,71.0,19,33.0,15.0
845963,1971-10-06 15:36:00,,5607.0,71.0,19,33.0,9.0
845963,1971-10-06 15:36:00,,5608.0,71.0,19,33.0,9.0
846624,1971-03-11 19:37:00,,5428.0,142.0,25,126.0,12.3
847149,1970-10-07 17:41:00,,3345.0,94.0,36,307.0,7.25
847149,1970-10-07 17:41:00,,4456.0,94.0,36,307.0,5.95
847149,1970-10-07 17:41:00,,5589.0,101.0,36,307.0,3.5
847149,1970-10-07 17:41:00,,8465.0,136.0,36,307.0,5.0
847371,1971-12-20 15:20:00,,4397.0,127.0,21,1.0,10.9
847371,1971-12-20 15:20:00,,6148.0,36.0,21,1.0,28.5
848776,1971-09-06 15:31:00,,5606.0,71.0,14,87.0,6.0
848776,1971-09-06 15:31:00,,5601.0,85.0,14,87.0,7.0
852478,1970-09-10 18:02:00,,4436.0,94.0,11,Unknown,18.4
852478,1970-09-10 18:02:00,,2296.0,101.0,11,Unknown,17.5
854499,1971-06-03 13:25:00,,4443.0,84.0,26,156.0,9.8
859268,1970-05-24 17:29:00,,3983.0,75.0,11,Unknown,13.2
862242,1970-02-21 14:35:00,,836.0,68.0,5,Unknown,8.0
866535,1970-12-07 18:48:00,,5481.0,163.0,1,178.0,13.2
867401,1970-02-22 14:26:00,,943.0,110.0,5,Unknown,5.0
869471,1971-01-13 18:46:00,,3983.0,75.0,11,88.0,17.0
873862,1970-06-22 15:32:00,,3482.0,75.0,2,Unknown,12.0
876175,1971-01-17 12:46:00,,7040.0,91.0,36,129.0,18.9
882109,1970-06-01 17:22:00,,3317.0,144.0,1,Unknown,14.0
882194,1971-04-15 12:16:00,,4102.0,71.0,35,35.0,15.0
882194,1971-04-15 12:16:00,,5289.0,40.0,35,35.0,11.5
883670,1970-06-24 10:06:00,,2607.0,82.0,2,Unknown,6.4
886446,1971-01-07 15:45:00,,5583.0,99.0,1,2.0,12.8
887632,1970-01-20 10:38:00,,4208.0,75.0,29,Unknown,16.5
887632,1970-01-20 10:38:00,,1224.0,110.0,29,Unknown,7.5
888309,1970-02-24 17:24:00,,2296.0,101.0,5,Unknown,17.5
892791,1970-05-29 13:57:00,,8629.0,173.0,5,Unknown,15.0
900218,1970-05-07 15:36:00,,4440.0,92.0,22,Unknown,7.0
904925,1970-08-20 11:52:00,,6477.0,28.0,26,Unknown,3.0
904925,1970-08-20 11:52:00,,2823.0,49.0,26,Unknown,18.9
908091,1970-01-16 13:59:00,,4481.0,84.0,21,Unknown,17.5
908091,1970-01-16 13:59:00,,3985.0,76.0,21,Unknown,16.5
910431,1970-02-19 18:38:00,,1060.0,52.0,11,Unknown,10.2
910431,1970-02-19 18:38:00,,2288.0,101.0,11,Unknown,12.5
914285,1970-05-08 11:39:00,,4350.0,134.0,27,Unknown,6.5
914285,1970-05-08 11:39:00,,6988.0,110.0,27,Unknown,7.5
914285,1970-05-08 11:39:00,,5504.0,85.0,27,Unknown,7.0
914285,1970-05-08 11:39:00,,5432.0,44.0,27,Unknown,5.0
914653,1971-05-12 13:05:00,,2082.0,99.0,4,103.0,12.4
916108,1971-09-05 16:02:00,,5604.0,71.0,17,32.0,8.0
916108,1971-09-05 16:02:00,,3956.0,134.0,17,32.0,10.9
916108,1971-09-05 16:02:00,,943.0,110.0,17,32.0,5.0
916191,1972-05-31 17:40:00,147597.0,6325.0,99.0,38,213.0,3.7
916191,1972-05-31 17:40:00,147597.0,6356.0,71.0,38,213.0,3.4
916191,1972-05-31 17:40:00,147597.0,6312.0,36.0,38,213.0,23.85
920195,1971-08-23 14:26:00,,7076.0,109.0,2,170.0,12.9
920195,1971-08-23 14:26:00,,1053.0,109.0,2,170.0,10.9
921006,1971-08-24 14:09:00,159541.0,5901.0,71.0,2,170.0,3.06
921006,1971-08-24 14:09:00,159541.0,1153.0,91.0,2,170.0,19.53
921006,1971-08-24 14:09:00,159541.0,2645.0,75.0,2,170.0,6.3
922496,1971-09-12 14:52:00,,2952.0,75.0,17,32.0,18.0
922496,1971-09-12 14:52:00,,6070.0,99.0,17,32.0,15.5
925007,1971-08-29 10:00:00,,1122.0,134.0,2,170.0,8.9
925007,1971-08-29 10:00:00,,4495.0,134.0,2,170.0,10.9
929142,1971-01-29 14:10:00,63069.0,5393.0,131.0,36,129.0,19.35
929142,1971-01-29 14:10:00,63069.0,5395.0,131.0,36,129.0,15.21
929142,1971-01-29 14:10:00,63069.0,5394.0,131.0,36,129.0,21.51
929142,1971-01-29 14:10:00,63069.0,5135.0,131.0,36,129.0,12.51
929142,1971-01-29 14:10:00,63069.0,5133.0,131.0,36,129.0,13.41
929142,1971-01-29 14:10:00,63069.0,4440.0,92.0,36,129.0,6.48
929142,1971-01-29 14:10:00,63069.0,5588.0,101.0,36,129.0,7.83
929142,1971-01-29 14:10:00,63069.0,4340.0,95.0,36,129.0,18.9
930168,1972-06-08 17:05:00,,6468.0,71.0,38,211.0,13.5
930647,1971-05-21 11:18:00,,893.0,80.0,4,185.0,12.5
930647,1971-05-21 11:18:00,,5503.0,85.0,4,185.0,7.0
931637,1971-10-28 14:15:00,,4554.0,51.0,14,87.0,15.6
931637,1971-10-28 14:15:00,,6036.0,140.0,14,87.0,11.0
931687,1971-01-30 15:25:00,,4440.0,92.0,36,134.0,7.2
934364,1971-10-25 13:18:00,51762.0,943.0,110.0,8,107.0,2.5
934390,1971-01-17 13:30:00,,1757.0,75.0,1,63.0,7.0
934390,1971-01-17 13:30:00,,1759.0,71.0,1,63.0,3.4
934565,1971-01-17 13:45:00,,6477.0,28.0,1,2.0,3.0
950170,1971-02-21 15:05:00,,5748.0,99.0,22,122.0,6.0
952226,1971-11-12 10:51:00,,5588.0,101.0,6,132.0,15.0
956841,1971-09-24 13:45:00,,832.0,68.0,2,193.0,17.5
959134,1972-06-30 14:35:00,65397.0,6325.0,99.0,13,75.0,3.7
959134,1972-06-30 14:35:00,65397.0,6510.0,71.0,13,75.0,14.5
960730,1972-03-15 10:36:00,,6406.0,36.0,16,34.0,25.0
960798,1971-05-05 17:47:00,,4208.0,75.0,29,137.0,17.0
961248,1971-04-28 17:43:00,,3842.0,44.0,9,Unknown,21.4
961248,1971-04-28 17:43:00,,5918.0,44.0,9,Unknown,5.0
961248,1971-04-28 17:43:00,,5881.0,164.0,9,Unknown,45.0
961248,1971-04-28 17:43:00,,5890.0,164.0,9,Unknown,45.0
961248,1971-04-28 17:43:00,,2541.0,75.0,9,Unknown,17.0
961248,1971-04-28 17:43:00,,5867.0,36.0,9,Unknown,39.5
964354,1971-06-07 17:28:00,,5223.0,136.0,20,195.0,20.5
966448,1971-07-20 10:22:00,,5370.0,41.0,27,Unknown,10.0
971641,1972-03-20 16:09:00,21406.0,6458.0,92.0,3,253.0,23.5
971641,1972-03-20 16:09:00,21406.0,4552.0,146.0,3,253.0,13.2
972041,1972-10-13 13:59:00,34420.0,6183.0,131.0,28,271.0,18.96
972041,1972-10-13 13:59:00,34420.0,8518.0,92.0,28,271.0,14.8
972041,1972-10-13 13:59:00,34420.0,6459.0,92.0,28,271.0,18.8
973717,1972-03-22 13:04:00,,5952.0,94.0,3,192.0,22.9
979796,1971-12-11 17:22:00,,6274.0,44.0,1,2.0,3.5
980524,1971-01-07 14:04:00,,6531.0,75.0,28,177.0,17.0
980524,1971-01-07 14:04:00,,5519.0,75.0,28,177.0,17.0
984794,1971-06-30 09:34:00,,5585.0,99.0,23,109.0,7.8
985439,1971-03-18 11:38:00,,3955.0,134.0,33,106.0,8.9
985439,1971-03-18 11:38:00,,2639.0,138.0,33,106.0,8.3
985602,1971-03-01 14:28:00,,4533.0,94.0,16,42.0,21.2
987758,1971-05-23 11:59:00,,5585.0,99.0,29,58.0,7.8
988903,1971-05-13 14:54:00,,1661.0,92.0,9,Unknown,18.9
988903,1971-05-13 14:54:00,,840.0,69.0,9,Unknown,4.8
991635,1971-04-21 10:37:00,,1586.0,92.0,7,163.0,23.2
991635,1971-04-21 10:37:00,,1119.0,68.0,7,163.0,20.4
995200,1971-04-23 12:28:00,,5998.0,71.0,7,165.0,7.0
995200,1971-04-23 12:28:00,,3461.0,44.0,7,165.0,3.0
998011,1971-12-15 13:32:00,,2068.0,146.0,1,2.0,15.0
1003449,1971-05-25 17:50:00,,6557.0,146.0,9,Unknown,14.4
1003449,1971-05-25 17:50:00,,2404.0,85.0,9,Unknown,9.8
1003449,1971-05-25 17:50:00,,5315.0,146.0,9,Unknown,15.4
1005000,1972-12-19 18:03:00,,286.0,36.0,21,212.0,40.0
1005878,1971-11-25 17:06:00,52379.0,4475.0,84.0,8,222.0,12.5
1006819,1972-03-24 14:04:00,,5235.0,48.0,36,36.0,16.48
1011102,1971-02-23 12:43:00,,4362.0,127.0,11,78.0,14.4
1011102,1971-02-23 12:43:00,,3343.0,127.0,11,78.0,15.4
1012446,1972-07-17 13:37:00,,3482.0,75.0,38,214.0,12.0
1012448,1973-08-28 14:04:00,159852.0,6834.0,28.0,29,276.0,6.9
1016145,1971-04-19 17:21:00,,5840.0,71.0,21,148.0,7.0
1016145,1971-04-19 17:21:00,,3671.0,24.0,21,148.0,3.0
1019936,1971-12-09 11:35:00,,6037.0,140.0,17,32.0,13.7
1019936,1971-12-09 11:35:00,,6039.0,140.0,17,32.0,13.7
1019936,1971-12-09 11:35:00,,2992.0,71.0,17,32.0,15.0
1019936,1971-12-09 11:35:00,,6564.0,119.0,17,32.0,38.5
1019936,1971-12-09 11:35:00,,6958.0,91.0,17,32.0,10.9
1019936,1971-12-09 11:35:00,,7034.0,109.0,17,32.0,15.2
1023855,1971-11-22 17:38:00,,6299.0,36.0,9,Unknown,14.5
1023855,1971-11-22 17:38:00,,5588.0,101.0,9,Unknown,7.5
1024112,1972-01-16 13:12:00,,3482.0,75.0,19,33.0,13.5
1024367,1971-02-12 10:55:00,,2567.0,140.0,5,116.0,13.8
1025787,1971-12-10 15:25:00,,1761.0,76.0,17,32.0,17.0
1025787,1971-12-10 15:25:00,,6122.0,148.0,17,32.0,19.0
1032026,1972-07-02 13:13:00,,8473.0,99.0,16,34.0,11.8
1036697,1971-06-19 16:01:00,54056.0,6458.0,92.0,25,161.0,18.0
1036697,1971-06-19 16:01:00,54056.0,5507.0,75.0,25,161.0,15.3
1036697,1971-06-19 16:01:00,54056.0,5841.0,71.0,25,161.0,6.3
1044350,1971-12-12 13:26:00,27912.0,6213.0,99.0,2,3.0,13.5
1044350,1971-12-12 13:26:00,27912.0,274.0,36.0,2,3.0,30.0
1044350,1971-12-12 13:26:00,27912.0,5901.0,71.0,2,3.0,3.4
1046878,1972-02-11 16:19:00,140959.0,5502.0,41.0,19,33.0,21.5
1049234,1971-12-21 15:21:00,,4276.0,30.0,1,2.0,16.0
1049234,1971-12-21 15:21:00,,6531.0,75.0,1,2.0,18.0
1049234,1971-12-21 15:21:00,,5906.0,44.0,1,2.0,2.0
1049601,1973-09-13 18:38:00,,6021.0,140.0,32,260.0,10.0
1051865,1971-03-30 09:13:00,,1284.0,64.0,16,42.0,26.9
1051865,1971-03-30 09:13:00,,5506.0,85.0,16,42.0,7.0
1054673,1971-12-19 16:59:00,,2375.0,64.0,17,32.0,15.0
1055425,1971-04-02 15:17:00,,4052.0,71.0,22,136.0,4.8
1056144,1971-01-30 16:29:00,,5519.0,75.0,28,74.0,17.0
1056144,1971-01-30 16:29:00,,5507.0,75.0,28,74.0,17.0
1059523,1972-08-18 12:09:00,,5997.0,71.0,38,214.0,8.0
1059523,1972-08-18 12:09:00,,8504.0,110.0,38,214.0,5.0
1059976,1971-07-20 15:28:00,,5649.0,144.0,35,35.0,14.4
1064133,1971-10-12 08:50:00,25067.0,3705.0,71.0,27,130.0,2.0
1064416,1971-07-03 16:30:00,,4074.0,92.0,25,140.0,21.7
1065763,1971-12-19 13:06:00,,6187.0,148.0,2,3.0,19.0
1065763,1971-12-19 13:06:00,,3697.0,146.0,2,3.0,13.0
1066261,1971-08-15 13:03:00,,6996.0,40.0,20,75.0,6.8
1069490,1972-12-16 12:04:00,,1224.0,110.0,25,26.0,7.9
1071038,1971-02-24 17:28:00,,1121.0,134.0,5,92.0,6.9
1071327,1971-07-13 12:12:00,,5680.0,36.0,30,60.0,7.5
1071659,1971-07-29 18:10:00,,1856.0,146.0,9,Unknown,22.9
1072348,1972-08-27 15:00:00,,5490.0,71.0,13,34.0,4.5
1079632,1971-07-12 12:06:00,145797.0,2527.0,52.0,29,46.0,8.9
1081330,1971-10-17 13:37:00,26285.0,5607.0,71.0,15,31.0,4.5
1081330,1971-10-17 13:37:00,26285.0,2404.0,85.0,15,31.0,8.5
1087260,1971-05-17 16:32:00,,4440.0,92.0,21,147.0,7.2
1089904,1971-07-21 17:50:00,39134.0,3953.0,134.0,30,143.0,8.01
1090042,1972-07-13 14:53:00,,944.0,110.0,6,36.0,7.9
1090042,1972-07-13 14:53:00,,5651.0,76.0,6,36.0,14.5
1090042,1972-07-13 14:53:00,,1782.0,144.0,6,36.0,15.0
1091821,1971-10-29 14:25:00,10793.0,5489.0,125.0,27,52.0,14.25
1091821,1971-10-29 14:25:00,10793.0,5583.0,99.0,27,52.0,10.0
1092333,1971-02-12 13:47:00,,2441.0,75.0,28,141.0,12.0
1092499,1971-03-12 16:45:00,,5490.0,71.0,1,39.0,4.0
1095603,1971-03-09 18:07:00,,3482.0,75.0,11,121.0,13.5
1100112,1971-04-26 17:09:00,,2082.0,99.0,22,136.0,12.4
1100112,1971-04-26 17:09:00,,1075.0,99.0,22,136.0,15.9
1100556,1971-11-06 12:40:00,10483.0,4075.0,92.0,27,50.0,22.51
1100556,1971-11-06 12:40:00,10483.0,6976.0,91.0,27,50.0,13.37
1100556,1971-11-06 12:40:00,10483.0,1221.0,91.0,27,50.0,8.72
1102321,1971-08-10 17:44:00,,2008.0,28.0,4,103.0,3.6
1107507,1971-05-10 16:03:00,,3516.0,28.0,33,81.0,8.3
1114391,1972-12-07 15:08:00,89150.0,6548.0,51.0,5,277.0,13.2
1114391,1972-12-07 15:08:00,89150.0,280.0,36.0,5,277.0,22.5
1114391,1972-12-07 15:08:00,89150.0,5651.0,76.0,5,277.0,34.8
1114391,1972-12-07 15:08:00,89150.0,6762.0,40.0,5,277.0,21.2
1114391,1972-12-07 15:08:00,89150.0,6761.0,40.0,5,277.0,21.2
1114391,1972-12-07 15:08:00,89150.0,8468.0,101.0,5,277.0,6.32
1119696,1973-04-10 11:00:00,124973.0,1668.0,91.0,27,305.0,24.7
1124860,1972-02-16 15:45:00,,1707.0,163.0,6,132.0,8.5
1124860,1972-02-16 15:45:00,,5500.0,122.0,6,132.0,11.5
1126740,1973-01-02 14:39:00,,6417.0,134.0,14,271.0,14.4
1126740,1973-01-02 14:39:00,,6474.0,71.0,14,271.0,18.5
1126740,1973-01-02 14:39:00,,1121.0,134.0,14,271.0,8.4
1126740,1973-01-02 14:39:00,,5610.0,71.0,14,271.0,6.0
1128735,1971-03-25 15:47:00,39862.0,5608.0,71.0,1,138.0,7.2
1128735,1971-03-25 15:47:00,39862.0,7058.0,41.0,1,138.0,15.21
1131475,1972-01-14 11:57:00,,5969.0,71.0,1,2.0,13.0
1134439,1972-12-14 17:59:00,,6720.0,36.0,5,289.0,25.0
1134439,1972-12-14 17:59:00,,6619.0,148.0,5,289.0,8.5
1136409,1972-06-15 16:13:00,,3641.0,29.0,19,33.0,18.7
1136840,1971-06-06 15:51:00,,1045.0,91.0,21,171.0,10.9
1139489,1971-05-26 10:26:00,,2527.0,52.0,33,81.0,7.0
1141751,1971-03-31 12:41:00,101546.0,2685.0,52.0,1,2.0,11.84
1141751,1971-03-31 12:41:00,101546.0,5316.0,146.0,1,2.0,13.91
1144976,1972-04-17 10:24:00,14765.0,8495.0,110.0,14,119.0,7.5
1147289,1971-01-20 14:50:00,,5260.0,71.0,1,61.0,15.0
1147289,1971-01-20 14:50:00,,5606.0,71.0,1,61.0,8.0
1147289,1971-01-20 14:50:00,,5265.0,71.0,1,61.0,10.0
1147289,1971-01-20 14:50:00,,5843.0,71.0,1,61.0,7.0
1151562,1972-01-24 17:28:00,123245.0,6280.0,146.0,1,2.0,13.0
1159491,1971-12-17 13:42:00,,6325.0,99.0,26,12.0,3.5
1164927,1971-05-20 09:20:00,,5843.0,71.0,16,66.0,7.0
1166918,1971-03-09 17:59:00,,1586.0,92.0,28,74.0,23.2
1166918,1971-03-09 17:59:00,,7028.0,109.0,28,74.0,14.8
1166918,1971-03-09 17:59:00,,846.0,68.0,28,74.0,16.4
1168075,1972-03-23 15:05:00,,6356.0,71.0,17,32.0,1.4
1168075,1972-03-23 15:05:00,,6352.0,71.0,17,32.0,3.6
1168083,1972-03-08 10:16:00,125095.0,4208.0,75.0,2,170.0,14.8
1172207,1971-12-15 10:02:00,81319.0,6270.0,44.0,27,23.0,1.5
1172207,1971-12-15 10:02:00,81319.0,6313.0,36.0,27,23.0,39.5
1175500,1971-12-23 14:36:00,24686.0,5835.0,94.0,9,29.0,15.0
1175500,1971-12-23 14:36:00,24686.0,6276.0,44.0,9,29.0,1.0
1175500,1971-12-23 14:36:00,24686.0,5965.0,94.0,9,29.0,7.0
1175500,1971-12-23 14:36:00,24686.0,3743.0,94.0,9,29.0,5.0
1176448,1972-03-31 10:48:00,,5978.0,75.0,17,32.0,18.5
1177331,1971-09-15 18:42:00,,4440.0,92.0,25,174.0,6.0
1177331,1971-09-15 18:42:00,,4075.0,92.0,25,174.0,18.0
1184141,1972-03-23 13:51:00,,3706.0,71.0,2,170.0,4.5
1184141,1972-03-23 13:51:00,,3708.0,71.0,2,170.0,4.5
1184159,1972-04-20 15:33:00,,1013.0,110.0,6,132.0,5.0
1185340,1971-09-18 11:12:00,,2194.0,49.0,29,137.0,15.7
1185446,1971-06-03 15:05:00,151158.0,748.0,91.0,22,54.0,13.5
1186532,1972-03-27 14:26:00,70160.0,8508.0,109.0,2,170.0,11.35
1188086,1972-01-07 12:53:00,,1124.0,134.0,8,212.0,9.5
1188086,1972-01-07 12:53:00,,2030.0,146.0,8,212.0,13.0
1188579,1971-04-05 18:40:00,,2952.0,75.0,5,171.0,17.0
1190103,1971-06-06 12:01:00,,4440.0,92.0,22,136.0,7.2
1190285,1972-04-14 13:11:00,,5901.0,71.0,17,32.0,3.4
1191330,1971-10-14 09:12:00,26892.0,1709.0,163.0,4,103.0,13.0
1191330,1971-10-14 09:12:00,26892.0,5980.0,75.0,4,103.0,9.0
1194554,1973-02-22 17:03:00,,6855.0,146.0,30,48.0,21.7
1194554,1973-02-22 17:03:00,,6958.0,91.0,30,48.0,11.6
1194554,1973-02-22 17:03:00,,845.0,68.0,30,48.0,8.57
1196585,1971-09-28 15:45:00,142661.0,2200.0,49.0,25,161.0,11.7
1196620,1971-11-19 11:03:00,44992.0,6973.0,91.0,20,195.0,10.4
1196620,1971-11-19 11:03:00,44992.0,5545.0,140.0,20,195.0,4.2
1196941,1971-03-05 13:09:00,119588.0,5959.0,109.0,8,162.0,2.25
1196941,1971-03-05 13:09:00,119588.0,1121.0,134.0,8,162.0,6.21
1197717,1971-12-19 17:06:00,,279.0,36.0,27,23.0,24.5
1199322,1971-09-30 16:39:00,,5393.0,131.0,25,126.0,22.5
1200968,1971-06-21 13:26:00,12090.0,5973.0,71.0,33,81.0,13.0
1200968,1971-06-21 13:26:00,12090.0,2289.0,101.0,33,81.0,8.0
1200968,1971-06-21 13:26:00,12090.0,1583.0,92.0,33,81.0,9.45
1203367,1973-03-09 14:48:00,7856.0,6824.0,71.0,32,127.0,8.2
1203367,1973-03-09 14:48:00,7856.0,3985.0,76.0,32,127.0,18.7
1203367,1973-03-09 14:48:00,7856.0,6353.0,76.0,32,127.0,18.7
1203367,1973-03-09 14:48:00,7856.0,6350.0,75.0,32,127.0,18.7
1206573,1973-07-01 12:18:00,,6857.0,76.0,27,50.0,15.0
1206573,1973-07-01 12:18:00,,5186.0,44.0,27,50.0,5.4
1210647,1971-11-27 16:16:00,48410.0,8479.0,148.0,20,195.0,5.0
1211150,1972-12-21 12:03:00,,282.0,36.0,13,210.0,25.0
1211150,1972-12-21 12:03:00,,6215.0,71.0,13,210.0,3.4
1211150,1972-12-21 12:03:00,,968.0,110.0,13,210.0,7.9
1211150,1972-12-21 12:03:00,,6544.0,71.0,13,210.0,4.8
1211150,1972-12-21 12:03:00,,6566.0,71.0,13,210.0,4.5
1213350,1973-01-25 14:07:00,25574.0,8495.0,110.0,14,34.0,6.0
1213814,1972-05-12 13:09:00,,6496.0,163.0,17,32.0,21.0
1214809,1973-03-14 16:40:00,,1679.0,75.0,5,212.0,18.7
1216768,1971-05-16 12:42:00,,2197.0,49.0,36,47.0,17.9
1218403,1971-12-07 12:07:00,,5427.0,142.0,23,10.0,17.8
1221669,1971-04-16 14:39:00,78574.0,3663.0,24.0,5,189.0,2.7
1221669,1971-04-16 14:39:00,78574.0,3756.0,24.0,5,189.0,2.7
1221669,1971-04-16 14:39:00,78574.0,2952.0,75.0,5,189.0,15.3
1226433,1971-12-04 13:13:00,58934.0,5649.0,144.0,20,195.0,12.0
1226483,1971-03-23 16:51:00,120211.0,5135.0,131.0,28,74.0,6.95
1226483,1971-03-23 16:51:00,120211.0,5394.0,131.0,28,74.0,11.95
1226483,1971-03-23 16:51:00,120211.0,7058.0,41.0,28,74.0,8.45
1226483,1971-03-23 16:51:00,120211.0,5501.0,41.0,28,74.0,8.2
1226483,1971-03-23 16:51:00,120211.0,5133.0,131.0,28,74.0,7.45
1229127,1972-12-20 10:02:00,,6573.0,78.0,16,36.0,4.5
1233013,1973-05-10 12:30:00,,6468.0,71.0,35,48.0,13.7
1235442,1971-04-21 16:03:00,,5023.0,28.0,5,43.0,5.5
1240513,1973-01-05 16:33:00,,2441.0,75.0,13,118.0,12.0
1240701,1971-06-22 11:13:00,,5748.0,99.0,16,97.0,6.0
1244430,1973-09-28 14:24:00,,6887.0,36.0,5,277.0,28.5
1247303,1973-06-05 14:31:00,,842.0,69.0,1,48.0,4.6
1247303,1973-06-05 14:31:00,,8488.0,92.0,1,48.0,13.7
1250400,1973-04-02 11:29:00,,3345.0,94.0,26,34.0,16.2
1252128,1971-12-15 18:23:00,,5997.0,71.0,23,10.0,8.0
1257040,1972-12-14 14:06:00,108215.0,6828.0,71.0,3,25.0,8.0
1258055,1971-04-05 18:43:00,,6988.0,110.0,28,175.0,7.5
1258055,1971-04-05 18:43:00,,2607.0,82.0,28,175.0,6.7
1262537,1973-01-25 18:12:00,,6321.0,99.0,9,Unknown,3.8
1262874,1972-11-19 10:55:00,,6830.0,71.0,19,33.0,8.0
1264835,1973-08-23 13:22:00,140017.0,6280.0,146.0,27,50.0,14.5
1264835,1973-08-23 13:22:00,140017.0,6546.0,48.0,27,50.0,19.9
1265437,1971-12-02 12:29:00,48516.0,7029.0,109.0,35,35.0,10.64
1265437,1971-12-02 12:29:00,48516.0,805.0,109.0,35,35.0,9.36
1267745,1971-12-02 16:13:00,,5872.0,36.0,35,35.0,7.0
1269131,1972-01-26 11:34:00,,3493.0,29.0,27,130.0,3.0
1269148,1971-05-05 13:44:00,,743.0,91.0,5,92.0,15.0
1269148,1971-05-05 13:44:00,,1281.0,109.0,5,92.0,12.9
1275073,1971-06-13 10:38:00,,5678.0,36.0,11,78.0,5.0
1275073,1971-06-13 10:38:00,,5545.0,140.0,11,78.0,4.0
1282955,1973-02-19 10:17:00,,1060.0,52.0,25,36.0,10.0
1283273,1971-06-16 12:29:00,,5606.0,71.0,11,78.0,8.0
1290754,1971-02-25 16:02:00,,3953.0,134.0,1,39.0,8.9
1291251,1971-08-06 10:15:00,,5477.0,48.0,21,147.0,12.4
1296127,1971-10-17 13:39:00,22085.0,6325.0,99.0,7,155.0,1.75
1296244,1972-08-07 18:30:00,,6417.0,134.0,6,51.0,14.2
1299935,1971-12-08 11:08:00,57435.0,6135.0,36.0,4,44.0,35.56
1299935,1971-12-08 11:08:00,57435.0,6180.0,36.0,4,44.0,18.01
1299935,1971-12-08 11:08:00,57435.0,5903.0,71.0,4,44.0,6.12
1299935,1971-12-08 11:08:00,57435.0,6192.0,148.0,4,44.0,5.85
1299935,1971-12-08 11:08:00,57435.0,6001.0,71.0,4,44.0,3.06
1301415,1971-02-28 17:49:00,,3641.0,29.0,1,63.0,16.9
1301415,1971-02-28 17:49:00,,5905.0,71.0,1,63.0,3.4
1304337,1971-12-02 17:36:00,9916.0,6186.0,92.0,29,20.0,24.0
1309298,1971-07-21 11:16:00,146344.0,2068.0,146.0,16,91.0,4.75
1309406,1971-12-23 15:09:00,,5589.0,101.0,20,16.0,8.0
1309406,1971-12-23 15:09:00,,6213.0,99.0,20,16.0,13.5
1309406,1971-12-23 15:09:00,,4443.0,84.0,20,16.0,10.0
1314835,1971-03-04 12:23:00,59587.0,4340.0,95.0,1,84.0,18.9
1317845,1971-06-11 15:57:00,,1707.0,163.0,1,61.0,8.8
1318272,1971-07-01 16:18:00,,5972.0,71.0,11,166.0,13.0
1318272,1971-07-01 16:18:00,,5847.0,75.0,11,166.0,22.0
1322231,1971-07-02 13:58:00,,5344.0,94.0,11,71.0,17.5
1322231,1971-07-02 13:58:00,,5753.0,94.0,11,71.0,19.75
1323857,1972-09-10 11:56:00,151137.0,1060.0,52.0,2,131.0,12.5
1327391,1971-07-04 14:34:00,157807.0,5852.0,48.0,11,166.0,12.51
1328073,1973-03-11 16:33:00,1111.0,6503.0,71.0,13,118.0,14.7
1328073,1973-03-11 16:33:00,1111.0,6524.0,75.0,13,118.0,18.7
1328073,1973-03-11 16:33:00,1111.0,6923.0,125.0,13,118.0,29.2
1328073,1973-03-11 16:33:00,1111.0,2823.0,49.0,13,118.0,22.2
1328779,1972-04-25 13:33:00,3701.0,8456.0,110.0,1,138.0,7.11
1328779,1972-04-25 13:33:00,3701.0,4340.0,95.0,1,138.0,18.49
1328779,1972-04-25 13:33:00,3701.0,6212.0,99.0,1,138.0,3.5
1329310,1971-05-07 15:35:00,,5998.0,71.0,28,175.0,4.77
1329310,1971-05-07 15:35:00,,2988.0,71.0,28,175.0,10.23
1330017,1972-01-05 17:14:00,,2020.0,44.0,20,41.0,11.5
1332731,1971-08-02 18:21:00,,5997.0,71.0,16,91.0,7.0
1332731,1971-08-02 18:21:00,,3704.0,71.0,16,91.0,4.0
1340372,1973-01-29 14:42:00,17125.0,3669.0,24.0,38,213.0,3.6
1340429,1971-12-17 15:14:00,,6326.0,99.0,4,199.0,3.5
1340429,1971-12-17 15:14:00,,6323.0,99.0,4,199.0,3.5
1342493,1971-08-19 15:07:00,7888.0,776.0,146.0,33,106.0,12.96
1342547,1972-05-10 17:27:00,101621.0,8442.0,110.0,1,2.0,5.0
1346413,1972-10-06 12:32:00,,5449.0,75.0,6,51.0,18.5
1346413,1972-10-06 12:32:00,,5650.0,76.0,6,51.0,14.5
1346767,1971-08-22 11:26:00,,6996.0,40.0,33,106.0,6.8
1349718,1972-01-26 16:54:00,,2404.0,85.0,23,65.0,8.5
1354442,1971-08-18 15:55:00,,4102.0,71.0,22,198.0,13.08
1354442,1971-08-18 15:55:00,,5841.0,71.0,22,198.0,7.92
1354442,1971-08-18 15:55:00,,5841.0,71.0,22,198.0,7.92
1354442,1971-08-18 15:55:00,,4102.0,71.0,22,198.0,13.08
1354442,1971-08-18 15:55:00,,5858.0,36.0,22,198.0,57.0
1354477,1971-12-17 12:18:00,,5994.0,71.0,30,60.0,6.86
1354477,1971-12-17 12:18:00,,6814.0,71.0,30,60.0,14.14
1354477,1971-12-17 12:18:00,,6348.0,148.0,30,60.0,6.0
1356194,1972-10-24 11:34:00,,6589.0,142.0,17,32.0,15.0
1356656,1972-05-30 19:53:00,,5277.0,40.0,1,61.0,26.5
1356656,1972-05-30 19:53:00,,5606.0,71.0,1,61.0,9.0
1356656,1972-05-30 19:53:00,,5718.0,62.0,1,61.0,15.0
1356656,1972-05-30 19:53:00,,4208.0,75.0,1,61.0,18.5
1360252,1971-06-30 10:07:00,,4201.0,71.0,1,145.0,7.0
1360252,1971-06-30 10:07:00,,3281.0,71.0,1,145.0,5.0
1362848,1971-08-20 10:47:00,,1013.0,110.0,16,42.0,5.0
1365568,1972-11-01 12:12:00,,6527.0,75.0,6,51.0,18.5
1370334,1971-05-26 17:19:00,51649.0,6456.0,92.0,28,175.0,18.0
1371821,1971-12-21 17:27:00,,6234.0,36.0,29,20.0,12.5
1372100,1971-07-04 09:14:00,,3482.0,75.0,1,138.0,12.0
1372100,1971-07-04 09:14:00,,2030.0,146.0,1,138.0,12.4
1378299,1971-12-28 13:31:00,,3756.0,24.0,35,35.0,3.0
1379354,1971-08-31 11:30:00,,5410.0,140.0,22,136.0,6.5
1383823,1971-07-28 16:16:00,,5975.0,51.0,11,78.0,14.8
1389220,1971-05-09 18:31:00,,1119.0,68.0,8,144.0,20.4
1390458,1973-08-31 12:45:00,,5370.0,41.0,15,36.0,16.5
1391341,1971-03-26 15:25:00,2953.0,3300.0,140.0,1,145.0,13.05
1391341,1971-03-26 15:25:00,2953.0,4552.0,146.0,1,145.0,13.4
1392240,1972-12-01 16:02:00,,1045.0,91.0,6,21.0,11.5
1393059,1973-04-20 10:07:00,,6857.0,76.0,19,33.0,15.0
1393059,1973-04-20 10:07:00,,6812.0,71.0,19,33.0,10.5
1396433,1971-12-21 20:40:00,,280.0,36.0,25,161.0,24.5
1399973,1972-07-06 17:01:00,,8521.0,109.0,26,114.0,11.5
1399973,1972-07-06 17:01:00,,1221.0,91.0,26,114.0,11.5
1404457,1973-06-10 13:30:00,,6453.0,163.0,13,320.0,17.7
1407830,1972-12-15 12:01:00,,6828.0,71.0,17,32.0,8.0
1407830,1972-12-15 12:01:00,,6609.0,71.0,17,32.0,8.0
1407866,1972-09-21 14:56:00,85010.0,4554.0,51.0,1,2.0,16.5
1408000,1972-03-08 09:37:00,85987.0,2988.0,71.0,20,75.0,12.4
1408000,1972-03-08 09:37:00,85987.0,5903.0,71.0,20,75.0,2.72
1408311,1972-05-12 11:34:00,,3767.0,71.0,9,Unknown,5.0
1411366,1973-05-24 09:28:00,,4362.0,127.0,19,33.0,15.2
1415084,1972-12-09 13:43:00,,6683.0,36.0,14,7.0,10.0
1415084,1972-12-09 13:43:00,,6684.0,36.0,14,7.0,10.0
1415462,1971-09-29 11:01:00,,5393.0,131.0,21,40.0,22.5
1416645,1973-02-28 12:22:00,142458.0,6604.0,99.0,3,253.0,10.0
1420452,1972-07-31 11:03:00,,6987.0,29.0,26,187.0,3.5
1421987,1972-03-20 11:36:00,4985.0,6288.0,71.0,20,41.0,5.0
1421987,1972-03-20 11:36:00,4985.0,5994.0,71.0,20,41.0,5.0
1421987,1972-03-20 11:36:00,4985.0,5843.0,71.0,20,41.0,8.0
1425994,1973-03-07 16:35:00,,2197.0,49.0,3,253.0,19.9
1426156,1973-07-05 10:06:00,,6076.0,92.0,13,303.0,19.0
1426156,1973-07-05 10:06:00,,8529.0,91.0,13,303.0,19.5
1426156,1973-07-05 10:06:00,,8444.0,91.0,13,303.0,14.5
1427142,1971-12-17 10:43:00,,8469.0,146.0,7,203.0,15.8
1429872,1972-08-09 16:23:00,94297.0,6539.0,71.0,26,102.0,15.5
1429872,1972-08-09 16:23:00,94297.0,5714.0,40.0,26,102.0,15.5
1432287,1972-12-19 15:00:00,,6467.0,71.0,6,21.0,13.5
1440629,1972-12-20 19:15:00,,286.0,36.0,6,21.0,20.0
1440700,1973-07-12 11:26:00,,6223.0,163.0,19,33.0,8.0
1442237,1972-04-21 13:59:00,104118.0,6459.0,92.0,23,160.0,23.5
1444106,1971-10-08 12:57:00,36929.0,2988.0,71.0,33,81.0,7.5
1444345,1972-12-17 18:41:00,,6619.0,148.0,14,7.0,8.5
1446024,1971-12-21 11:57:00,71384.0,2824.0,49.0,7,155.0,17.55
1446024,1971-12-21 11:57:00,71384.0,6194.0,148.0,7,155.0,17.1
1448462,1972-02-02 18:21:00,,5023.0,28.0,29,164.0,6.0
1456269,1972-01-29 13:10:00,,6532.0,75.0,25,18.0,18.0
1457034,1972-01-30 12:24:00,,4010.0,75.0,25,126.0,12.5
1458178,1971-09-07 10:30:00,,834.0,68.0,36,47.0,10.0
1458178,1971-09-07 10:30:00,,836.0,68.0,36,47.0,10.0
1459482,1973-08-12 15:41:00,,1121.0,134.0,13,320.0,8.7
1460353,1971-10-21 10:59:00,56873.0,5852.0,48.0,22,136.0,13.0
1460353,1971-10-21 10:59:00,56873.0,999.0,48.0,22,136.0,9.75
1463721,1972-08-08 13:29:00,,6276.0,44.0,15,31.0,1.0
1464688,1973-08-26 09:05:00,,4364.0,127.0,19,33.0,15.4
1464688,1973-08-26 09:05:00,,4360.0,127.0,19,33.0,12.8
1465006,1972-12-22 12:08:00,,8468.0,101.0,14,7.0,7.9
1465006,1972-12-22 12:08:00,,2296.0,101.0,14,7.0,17.5
1465837,1972-06-20 13:54:00,,5712.0,71.0,9,Unknown,5.0
1465837,1972-06-20 13:54:00,,4011.0,76.0,9,Unknown,8.0
1468417,1973-08-23 11:08:00,68148.0,1680.0,75.0,13,48.0,18.9
1468563,1972-03-08 12:53:00,,4176.0,146.0,35,35.0,21.2
1473021,1971-07-08 14:23:00,,5488.0,125.0,28,62.0,26.9
1473021,1971-07-08 14:23:00,,3217.0,48.0,28,62.0,20.4
1473021,1971-07-08 14:23:00,,3949.0,134.0,28,62.0,10.9
1479039,1971-10-28 09:13:00,8992.0,6194.0,148.0,16,97.0,9.5
1479039,1971-10-28 09:13:00,8992.0,4076.0,92.0,16,97.0,18.0
1480457,1971-07-22 12:27:00,,5843.0,71.0,5,43.0,7.0
1480578,1971-10-26 15:58:00,12956.0,8444.0,91.0,33,81.0,6.75
1480578,1971-10-26 15:58:00,12956.0,6183.0,131.0,33,81.0,18.0
1480578,1971-10-26 15:58:00,12956.0,6227.0,131.0,33,81.0,14.32
1480818,1973-01-22 16:43:00,,6186.0,92.0,6,51.0,8.0
1483516,1973-02-28 10:15:00,,6615.0,52.0,2,170.0,15.7
1483516,1973-02-28 10:15:00,,4078.0,92.0,2,170.0,23.7
1483516,1973-02-28 10:15:00,,1670.0,125.0,2,170.0,29.2
1485131,1971-11-08 10:41:00,46261.0,2999.0,71.0,21,40.0,15.0
1485707,1971-07-14 16:54:00,,5980.0,75.0,28,175.0,17.0
1487941,1973-05-10 15:30:00,,6556.0,146.0,3,158.0,16.7
1487941,1973-05-10 15:30:00,,8535.0,146.0,3,158.0,16.7
1487980,1971-07-26 13:30:00,140704.0,6978.0,91.0,5,92.0,14.85
1489210,1972-03-17 14:27:00,,2491.0,44.0,4,226.0,5.0
1491368,1972-03-02 15:47:00,59057.0,744.0,91.0,30,60.0,17.5
1492282,1973-03-18 12:59:00,,4481.0,84.0,17,32.0,18.9
1493095,1973-03-19 16:46:00,,6532.0,75.0,17,32.0,18.7
1493095,1973-03-19 16:46:00,,4430.0,24.0,17,32.0,4.6
1493913,1971-09-28 11:37:00,,4201.0,71.0,11,166.0,7.0
1494386,1971-11-01 16:57:00,50053.0,5401.0,132.0,33,45.0,8.5
1494386,1971-11-01 16:57:00,50053.0,1761.0,76.0,33,45.0,17.0
1494386,1971-11-01 16:57:00,50053.0,5623.0,28.0,33,45.0,4.5
1497285,1971-11-10 13:08:00,8885.0,6066.0,99.0,16,97.0,13.5
1498311,1971-11-12 13:35:00,50650.0,1781.0,144.0,22,136.0,10.0
1498311,1971-11-12 13:35:00,50650.0,3956.0,134.0,22,136.0,11.5
1503536,1971-10-01 09:48:00,,4554.0,51.0,36,47.0,12.0
1503536,1971-10-01 09:48:00,,3756.0,24.0,36,47.0,3.0
1503635,1972-09-28 15:34:00,,5998.0,71.0,15,31.0,8.0
1511367,1973-01-22 19:58:00,111436.0,4437.0,71.0,14,278.0,7.0
1515384,1971-11-16 10:07:00,,1759.0,71.0,33,45.0,3.4
1515384,1971-11-16 10:07:00,,4325.0,71.0,33,45.0,4.8
1517732,1971-10-27 13:00:00,49793.0,8453.0,110.0,11,78.0,7.5
1517732,1971-10-27 13:00:00,49793.0,5535.0,140.0,11,78.0,11.0
1517732,1971-10-27 13:00:00,49793.0,5573.0,140.0,11,78.0,5.5
1519922,1971-06-27 09:13:00,,5557.0,140.0,8,118.0,13.0
1519922,1971-06-27 09:13:00,,6973.0,91.0,8,118.0,12.2
1519922,1971-06-27 09:13:00,,5970.0,71.0,8,118.0,13.0
1519922,1971-06-27 09:13:00,,5539.0,140.0,8,118.0,10.5
1523220,1973-06-17 15:29:00,,6215.0,71.0,3,191.0,3.9
1523296,1971-10-13 14:01:00,33579.0,7045.0,109.0,36,129.0,6.2
1523296,1971-10-13 14:01:00,33579.0,5983.0,28.0,36,129.0,12.0
1523296,1971-10-13 14:01:00,33579.0,7102.0,111.0,36,129.0,5.0
1523296,1971-10-13 14:01:00,33579.0,3458.0,44.0,36,129.0,6.5
1524513,1972-07-12 11:35:00,11371.0,2197.0,49.0,23,109.0,19.9
1524541,1972-03-29 16:30:00,85700.0,5002.0,144.0,30,60.0,14.5
1524541,1972-03-29 16:30:00,85700.0,7082.0,109.0,30,60.0,11.35
1525971,1971-08-05 13:12:00,,5975.0,51.0,28,175.0,14.8
1529764,1972-07-16 16:07:00,98448.0,3984.0,71.0,23,65.0,12.4
1530670,1971-11-04 18:01:00,,5490.0,71.0,11,166.0,4.0
1532352,1971-12-05 11:11:00,,1013.0,110.0,21,1.0,5.0
1535249,1972-02-13 13:34:00,,6405.0,36.0,7,155.0,10.0
1536264,1972-02-13 18:05:00,,3767.0,71.0,7,155.0,5.0
1536264,1972-02-13 18:05:00,,5201.0,142.0,7,155.0,13.0
1539259,1971-08-16 19:06:00,,5587.0,101.0,5,92.0,12.8
1539965,1973-06-13 11:14:00,,6825.0,71.0,17,32.0,8.5
1541120,1971-12-05 14:13:00,,5903.0,71.0,16,8.0,3.4
1542145,1972-07-11 14:36:00,,6354.0,76.0,20,75.0,4.5
1543371,1972-07-12 13:14:00,,6484.0,99.0,20,75.0,5.0
1543371,1972-07-12 13:14:00,,6449.0,71.0,20,75.0,10.0
1543786,1972-04-21 12:11:00,,5812.0,125.0,29,58.0,19.9
1559437,1972-05-08 15:30:00,156045.0,2197.0,49.0,29,46.0,15.9
1560407,1971-08-27 14:21:00,,3985.0,76.0,5,178.0,17.0
1563254,1972-05-03 11:35:00,90323.0,6458.0,92.0,30,82.0,23.5
1564909,1971-11-03 15:19:00,9582.0,5605.0,71.0,36,47.0,9.0
1564909,1971-11-03 15:19:00,9582.0,5410.0,140.0,36,47.0,6.5
1564909,1971-11-03 15:19:00,9582.0,5650.0,76.0,36,47.0,13.5
1564909,1971-11-03 15:19:00,9582.0,2859.0,48.0,36,47.0,15.12
1564909,1971-11-03 15:19:00,9582.0,5852.0,48.0,36,47.0,13.0
1566673,1972-08-27 15:55:00,40477.0,6225.0,131.0,23,160.0,26.7
1569290,1971-07-12 16:07:00,153318.0,4362.0,127.0,8,133.0,12.96
1569290,1971-07-12 16:07:00,153318.0,5276.0,40.0,8,133.0,23.22
1589168,1971-10-03 16:15:00,,5560.0,140.0,1,61.0,4.2
1589168,1971-10-03 16:15:00,,5537.0,140.0,1,61.0,4.2
1594755,1973-06-29 14:01:00,132612.0,5501.0,41.0,6,315.0,18.4
1594755,1973-06-29 14:01:00,132612.0,6556.0,146.0,6,315.0,10.0
1595775,1971-12-18 17:05:00,56646.0,2527.0,52.0,22,9.0,10.5
1595775,1971-12-18 17:05:00,56646.0,6325.0,99.0,22,9.0,3.5
1597345,1973-09-21 13:17:00,,4424.0,24.0,2,216.0,4.9
1597345,1973-09-21 13:17:00,,4426.0,24.0,2,216.0,4.9
1599352,1972-06-25 12:00:00,,3527.0,28.0,4,44.0,7.0
1599352,1972-06-25 12:00:00,,4173.0,49.0,4,44.0,26.5
1601087,1971-06-06 16:25:00,9589.0,5583.0,99.0,1,39.0,11.52
1601785,1971-12-18 12:26:00,,6314.0,36.0,33,13.0,14.5
1601785,1971-12-18 12:26:00,,6326.0,99.0,33,13.0,3.5
1602588,1971-09-17 14:46:00,,5610.0,71.0,5,189.0,6.0
1602588,1971-09-17 14:46:00,,2375.0,64.0,5,189.0,15.0
1603422,1972-06-02 13:43:00,,5713.0,40.0,30,238.0,26.5
1607446,1972-06-25 09:35:00,111576.0,6462.0,71.0,25,265.0,10.8
1607446,1972-06-25 09:35:00,111576.0,5586.0,101.0,25,265.0,18.5
1609666,1971-12-23 19:47:00,,6064.0,99.0,16,8.0,11.43
1609666,1971-12-23 19:47:00,,6062.0,99.0,16,8.0,8.57
1610607,1972-10-22 09:21:00,,5904.0,71.0,23,65.0,3.4
1613083,1973-05-25 14:30:00,14538.0,1679.0,75.0,14,278.0,18.7
1617856,1972-07-04 15:08:00,,4342.0,29.0,4,185.0,12.0
1619898,1972-07-03 17:14:00,121915.0,2296.0,101.0,25,161.0,17.5
1619898,1972-07-03 17:14:00,121915.0,5586.0,101.0,25,161.0,18.5
1623315,1973-06-08 13:29:00,30215.0,5173.0,24.0,14,85.0,4.6
1624257,1971-12-22 16:37:00,,5169.0,24.0,33,13.0,4.5
1624257,1971-12-22 16:37:00,,3669.0,24.0,33,13.0,3.0
1625146,1972-10-05 11:36:00,,6557.0,146.0,9,Unknown,16.5
1632224,1971-12-21 16:23:00,,5233.0,133.0,11,22.0,12.0
1634195,1971-10-06 11:02:00,19002.0,6064.0,99.0,5,204.0,10.0
1639424,1973-09-06 15:35:00,,2195.0,49.0,6,51.0,14.5
1641158,1971-12-22 18:27:00,,6177.0,36.0,11,22.0,39.5
1642167,1972-01-21 09:07:00,,5490.0,71.0,21,208.0,8.0
1642860,1971-10-11 13:17:00,18775.0,2952.0,75.0,5,43.0,9.0
1643992,1971-12-08 20:11:00,7062.0,5748.0,99.0,11,22.0,6.0
1643992,1971-12-08 20:11:00,7062.0,1988.0,75.0,11,22.0,7.0
1645330,1972-01-17 12:20:00,162367.0,3279.0,71.0,16,91.0,8.0
1645330,1972-01-17 12:20:00,162367.0,5850.0,75.0,16,91.0,22.0
1645330,1972-01-17 12:20:00,162367.0,6213.0,99.0,16,91.0,13.5
1647533,1972-01-18 15:16:00,,4495.0,134.0,16,97.0,12.5
1649854,1971-12-27 15:38:00,,2503.0,44.0,11,22.0,19.9
1651016,1972-10-27 14:12:00,,805.0,109.0,9,Unknown,12.5
1651963,1972-01-21 11:44:00,,5974.0,71.0,16,97.0,13.0
1651963,1972-01-21 11:44:00,,4449.0,84.0,16,97.0,11.8
1651963,1972-01-21 11:44:00,,3502.0,99.0,16,97.0,5.0
1653059,1972-07-10 16:48:00,,6419.0,134.0,30,238.0,12.0
1654753,1971-12-12 19:44:00,,276.0,36.0,11,22.0,15.0
1654753,1971-12-12 19:44:00,,6270.0,44.0,11,22.0,1.5
1658216,1972-06-07 17:41:00,164731.0,6462.0,71.0,7,155.0,10.8
1658216,1972-06-07 17:41:00,164731.0,6492.0,163.0,7,155.0,21.0
1658216,1972-06-07 17:41:00,164731.0,4080.0,92.0,7,155.0,23.5
1658216,1972-06-07 17:41:00,164731.0,1000.0,92.0,7,155.0,15.5
1658216,1972-06-07 17:41:00,164731.0,743.0,91.0,7,155.0,17.5
1658216,1972-06-07 17:41:00,164731.0,1749.0,92.0,7,155.0,23.5
1658216,1972-06-07 17:41:00,164731.0,6491.0,44.0,7,155.0,4.0
1658216,1972-06-07 17:41:00,164731.0,6498.0,44.0,7,155.0,3.5
1658216,1972-06-07 17:41:00,164731.0,6500.0,44.0,7,155.0,12.0
1660538,1971-10-19 14:51:00,32265.0,5810.0,94.0,28,201.0,5.0
1661516,1972-08-04 16:01:00,2713.0,6459.0,92.0,29,164.0,23.5
1661516,1972-08-04 16:01:00,2713.0,8529.0,91.0,29,164.0,18.9
1662492,1971-06-29 12:49:00,,5291.0,94.0,1,39.0,18.4
1663438,1971-10-21 09:38:00,,5595.0,140.0,28,152.0,15.0
1664039,1972-01-31 12:56:00,,6477.0,28.0,16,91.0,4.0
1664306,1972-02-02 18:09:00,,948.0,110.0,21,173.0,7.5
1665163,1972-08-10 11:16:00,,5841.0,71.0,4,103.0,8.0
1666477,1972-02-03 17:22:00,138209.0,3987.0,71.0,21,147.0,3.6
1666477,1972-02-03 17:22:00,138209.0,8492.0,110.0,21,147.0,6.75
1666686,1972-02-02 10:05:00,,5553.0,140.0,16,91.0,11.0
1668174,1971-10-23 11:51:00,,5316.0,146.0,28,62.0,18.5
1677273,1971-07-04 10:45:00,,3671.0,24.0,1,138.0,3.0
1677945,1972-02-09 18:51:00,,8474.0,99.0,16,235.0,11.2
1680138,1972-02-11 14:33:00,43720.0,3949.0,134.0,21,148.0,13.5
1681617,1971-12-09 16:58:00,,6194.0,148.0,1,2.0,19.0
1683076,1972-01-28 13:47:00,,3767.0,71.0,22,54.0,5.0
1683076,1972-01-28 13:47:00,,6288.0,71.0,22,54.0,5.5
1683076,1972-01-28 13:47:00,,8502.0,110.0,22,54.0,3.5
1683096,1972-06-28 16:38:00,,6211.0,99.0,7,255.0,5.0
1684567,1972-09-09 16:36:00,72271.0,8529.0,91.0,25,161.0,18.9
1684567,1972-09-09 16:36:00,72271.0,846.0,68.0,25,161.0,14.0
1684567,1972-09-09 16:36:00,72271.0,1257.0,91.0,25,161.0,11.5
1684614,1972-09-01 14:01:00,,6419.0,134.0,29,164.0,12.0
1684646,1971-07-06 08:56:00,,2197.0,49.0,1,138.0,17.9
1684646,1971-07-06 08:56:00,,3280.0,71.0,1,138.0,5.0
1684646,1971-07-06 08:56:00,,4452.0,84.0,1,138.0,28.0
1684968,1972-12-13 11:20:00,,6536.0,95.0,20,101.0,18.5
1686691,1972-07-02 11:35:00,92761.0,5972.0,71.0,7,67.0,10.0
1686691,1972-07-02 11:35:00,92761.0,3502.0,99.0,7,67.0,5.0
1686691,1972-07-02 11:35:00,92761.0,6556.0,146.0,7,67.0,16.5
1691593,1972-12-01 15:10:00,8782.0,6569.0,71.0,9,Unknown,4.5
1691593,1972-12-01 15:10:00,8782.0,6832.0,78.0,9,Unknown,4.5
1691593,1972-12-01 15:10:00,8782.0,6570.0,71.0,9,Unknown,4.5
1691593,1972-12-01 15:10:00,8782.0,6696.0,36.0,9,Unknown,28.5
1695858,1972-12-19 17:31:00,,6830.0,71.0,23,10.0,8.0
1695858,1972-12-19 17:31:00,,6826.0,71.0,23,10.0,8.0
1695858,1972-12-19 17:31:00,,6829.0,71.0,23,10.0,8.0
1696445,1973-08-30 17:18:00,88150.0,6910.0,36.0,14,254.0,35.0
1699562,1971-12-17 14:14:00,,274.0,36.0,1,2.0,15.0
1699562,1971-12-17 14:14:00,,6270.0,44.0,1,2.0,1.5
1699762,1971-11-14 17:42:00,,3950.0,134.0,28,62.0,11.5
1699762,1971-11-14 17:42:00,,1121.0,134.0,28,62.0,7.9
1700407,1973-07-16 12:50:00,,1673.0,75.0,15,31.0,13.5
1707395,1971-12-22 13:16:00,,5997.0,71.0,36,15.0,8.0
1707395,1971-12-22 13:16:00,,6532.0,75.0,36,15.0,18.0
1707395,1971-12-22 13:16:00,,3983.0,75.0,36,15.0,18.0
1707395,1971-12-22 13:16:00,,5998.0,71.0,36,15.0,8.0
1710648,1973-08-05 12:47:00,,6201.0,131.0,15,31.0,29.8
1711755,1971-09-19 15:12:00,,6285.0,134.0,8,72.0,7.5
1716157,1971-12-23 14:44:00,,6122.0,148.0,36,15.0,19.0
1716157,1971-12-23 14:44:00,,6194.0,148.0,36,15.0,19.0
1716157,1971-12-23 14:44:00,,6187.0,148.0,36,15.0,19.0
1716845,1972-09-01 09:50:00,,1663.0,92.0,30,60.0,19.5
1718104,1972-02-14 16:06:00,61933.0,5965.0,94.0,33,45.0,7.0
1718104,1972-02-14 16:06:00,61933.0,8469.0,146.0,33,45.0,12.65
1721757,1973-08-31 11:43:00,,4427.0,24.0,15,31.0,4.9
1721757,1973-08-31 11:43:00,,6766.0,146.0,15,31.0,2.6
1721757,1973-08-31 11:43:00,,1766.0,41.0,15,31.0,2.6
1721757,1973-08-31 11:43:00,,6764.0,134.0,15,31.0,2.6
1721757,1973-08-31 11:43:00,,6321.0,99.0,15,31.0,4.0
1722817,1972-02-18 10:14:00,,1116.0,60.0,33,81.0,6.7
1733932,1972-02-27 11:43:00,11685.0,7072.0,109.0,33,45.0,13.5
1733932,1972-02-27 11:43:00,11685.0,1211.0,109.0,33,45.0,13.5
1737324,1972-03-15 19:34:00,,5561.0,140.0,21,173.0,11.6
1737324,1972-03-15 19:34:00,,315.0,36.0,21,173.0,17.15
1737324,1972-03-15 19:34:00,,6323.0,99.0,21,173.0,3.7
1742610,1972-02-29 12:19:00,162855.0,6327.0,49.0,11,71.0,13.0
1742610,1972-02-29 12:19:00,162855.0,3608.0,49.0,11,71.0,13.52
1745031,1972-03-07 12:14:00,42179.0,5277.0,40.0,33,106.0,26.5
1745480,1971-08-01 12:49:00,,5994.0,71.0,1,149.0,7.0
1745480,1971-08-01 12:49:00,,5839.0,71.0,1,149.0,7.0
1746583,1972-09-04 09:29:00,139276.0,6608.0,75.0,7,67.0,12.5
1757506,1973-01-26 16:09:00,,4201.0,71.0,20,303.0,7.0
1759512,1973-01-29 09:37:00,,6826.0,71.0,20,41.0,8.2
1760055,1972-12-02 19:14:00,,6767.0,94.0,29,283.0,22.9
1760055,1972-12-02 19:14:00,,6702.0,36.0,29,283.0,39.5
1760055,1972-12-02 19:14:00,,6727.0,36.0,29,283.0,39.5
1762747,1973-02-21 10:46:00,98763.0,6418.0,52.0,23,160.0,11.2
1763326,1973-02-02 10:07:00,,7082.0,109.0,20,303.0,14.5
1763326,1973-02-02 10:07:00,,6215.0,71.0,20,303.0,3.5
1763945,1972-12-19 17:23:00,143123.0,5585.0,99.0,35,35.0,8.9
1763945,1972-12-19 17:23:00,143123.0,5901.0,71.0,35,35.0,3.4
1769315,1971-11-18 14:33:00,,5903.0,71.0,8,116.0,3.4
1772417,1973-02-14 16:25:00,,4533.0,94.0,20,41.0,23.2
1772417,1973-02-14 16:25:00,,5587.0,101.0,20,41.0,14.4
1772786,1971-12-21 18:17:00,,6288.0,71.0,5,228.0,6.85
1772786,1971-12-21 18:17:00,,2996.0,71.0,5,228.0,14.15
1772786,1971-12-21 18:17:00,,1760.0,71.0,5,228.0,4.8
1774745,1972-01-30 12:31:00,139687.0,5839.0,71.0,36,174.0,8.0
1775679,1972-04-17 17:50:00,41143.0,6613.0,140.0,21,212.0,11.6
1775679,1972-04-17 17:50:00,41143.0,1500.0,146.0,21,212.0,18.5
1776493,1972-04-18 16:40:00,77231.0,8453.0,110.0,21,173.0,7.1
1776493,1972-04-18 16:40:00,77231.0,4361.0,127.0,21,173.0,6.5
1778181,1972-12-22 12:47:00,,2503.0,44.0,35,35.0,20.5
1778181,1972-12-22 12:47:00,,6827.0,71.0,35,35.0,8.0
1778181,1972-12-22 12:47:00,,6832.0,78.0,35,35.0,4.5
1785108,1971-11-26 16:59:00,,6256.0,75.0,8,107.0,7.0
1788485,1972-05-31 11:39:00,,3983.0,75.0,16,91.0,18.5
1791995,1973-04-11 14:50:00,11280.0,6613.0,140.0,23,65.0,11.7
1793006,1972-06-04 15:59:00,,1750.0,92.0,16,42.0,23.5
1798557,1972-12-02 15:07:00,20493.0,5852.0,48.0,30,238.0,13.7
1799772,1972-11-09 16:29:00,159773.0,6799.0,148.0,7,155.0,3.88
1799772,1972-11-09 16:29:00,159773.0,8561.0,109.0,7,155.0,8.48
1799772,1972-11-09 16:29:00,159773.0,5970.0,71.0,7,155.0,2.99
1800888,1973-02-09 12:24:00,15906.0,1121.0,134.0,9,Unknown,8.4
1800888,1973-02-09 12:24:00,15906.0,6586.0,163.0,9,Unknown,15.2
1806001,1972-02-20 18:21:00,121918.0,4208.0,75.0,11,228.0,18.0
1806176,1973-01-22 11:18:00,,5316.0,146.0,35,35.0,21.7
1810640,1972-01-09 16:35:00,,6271.0,44.0,5,4.0,13.5
1813721,1973-02-23 11:16:00,101010.0,6813.0,71.0,9,Unknown,15.7
1813721,1973-02-23 11:16:00,101010.0,5572.0,140.0,9,Unknown,4.5
1813721,1973-02-23 11:16:00,101010.0,5571.0,140.0,9,Unknown,4.5
1817913,1972-06-27 16:02:00,,3767.0,71.0,16,42.0,5.0
1817913,1972-06-27 16:02:00,,8500.0,110.0,16,42.0,5.0
1821868,1972-03-01 11:06:00,,5843.0,71.0,11,221.0,5.0
1821868,1972-03-01 11:06:00,,5841.0,71.0,11,221.0,5.0
1823365,1972-12-20 18:29:00,,6688.0,36.0,30,60.0,10.0
1828814,1972-06-02 13:17:00,55559.0,8474.0,99.0,21,212.0,11.8
1828814,1972-06-02 13:17:00,55559.0,8473.0,99.0,21,212.0,11.8
1828814,1972-06-02 13:17:00,55559.0,5587.0,101.0,21,212.0,14.2
1828814,1972-06-02 13:17:00,55559.0,8462.0,109.0,21,212.0,13.5
1832812,1972-12-30 17:27:00,,4950.0,75.0,30,82.0,12.0
1836549,1972-12-09 15:38:00,22.0,6777.0,44.0,7,155.0,2.25
1836549,1972-12-09 15:38:00,22.0,6976.0,91.0,7,155.0,8.75
1836549,1972-12-09 15:38:00,22.0,1143.0,92.0,7,155.0,8.75
1836549,1972-12-09 15:38:00,22.0,8444.0,91.0,7,155.0,7.0
1836549,1972-12-09 15:38:00,22.0,1044.0,91.0,7,155.0,5.75
1836549,1972-12-09 15:38:00,22.0,6953.0,91.0,7,155.0,5.75
1837420,1971-12-15 09:48:00,,6070.0,99.0,8,107.0,15.5
1837420,1971-12-15 09:48:00,,3954.0,134.0,8,107.0,11.5
1839821,1972-12-11 14:30:00,89604.0,6683.0,36.0,7,155.0,10.0
1839821,1972-12-11 14:30:00,89604.0,6783.0,44.0,7,155.0,1.0
1840631,1972-01-17 17:08:00,,6325.0,99.0,28,152.0,3.5
1840631,1972-01-17 17:08:00,,6326.0,99.0,28,152.0,3.5
1845835,1973-01-19 14:46:00,,5136.0,131.0,25,281.0,20.7
1845835,1973-01-19 14:46:00,,5172.0,24.0,25,281.0,4.6
1847651,1973-01-23 15:47:00,,5933.0,71.0,29,58.0,6.0
1849108,1972-01-23 15:00:00,,2601.0,82.0,28,175.0,8.0
1857279,1973-01-24 13:28:00,,5974.0,71.0,30,60.0,10.0
1857279,1973-01-24 13:28:00,,5978.0,75.0,30,60.0,12.0
1857279,1973-01-24 13:28:00,,7107.0,64.0,30,60.0,31.3
1858572,1972-08-02 16:22:00,,5649.0,144.0,16,97.0,17.5
1862542,1973-02-11 12:29:00,63086.0,4076.0,92.0,29,52.0,23.7
1862542,1973-02-11 12:29:00,63086.0,6530.0,75.0,29,52.0,12.0
1864927,1973-02-13 19:10:00,,1687.0,36.0,29,58.0,25.0
1866375,1973-02-01 18:48:00,51176.0,6064.0,99.0,30,81.0,10.0
1866619,1972-12-20 16:00:00,,5606.0,71.0,7,203.0,9.0
1866619,1972-12-20 16:00:00,,6353.0,76.0,7,203.0,18.5
1866836,1972-02-03 16:02:00,127216.0,6355.0,71.0,28,201.0,8.0
1866836,1972-02-03 16:02:00,127216.0,6041.0,140.0,28,201.0,4.2
1868023,1973-02-24 12:58:00,,6589.0,142.0,4,44.0,15.2
1882757,1973-08-09 14:27:00,52494.0,2076.0,91.0,20,195.0,17.9
1883781,1973-03-18 12:04:00,,1687.0,36.0,4,264.0,25.0
1886021,1972-02-14 19:56:00,20693.0,6350.0,75.0,28,152.0,14.0
1886021,1972-02-14 19:56:00,20693.0,8469.0,146.0,28,152.0,12.64
1886366,1971-10-13 15:59:00,20264.0,2607.0,82.0,1,138.0,3.75
1891772,1972-02-25 09:27:00,297.0,3954.0,134.0,5,92.0,5.75
1891772,1972-02-25 09:27:00,297.0,8469.0,146.0,5,92.0,7.9
1891772,1972-02-25 09:27:00,297.0,5501.0,41.0,5,92.0,8.25
1891772,1972-02-25 09:27:00,297.0,3951.0,134.0,5,92.0,3.75
1891772,1972-02-25 09:27:00,297.0,1660.0,92.0,5,92.0,9.5
1893145,1973-09-26 16:00:00,40643.0,6602.0,101.0,23,109.0,12.0
1895226,1972-02-21 15:29:00,,2193.0,49.0,28,201.0,13.9
1900280,1972-05-11 14:10:00,,6493.0,163.0,36,15.0,21.0
1903092,1973-05-31 13:46:00,,5478.0,134.0,9,Unknown,14.4
1903345,1972-07-30 13:47:00,,8468.0,101.0,21,259.0,7.9
1903786,1972-09-15 11:35:00,30770.0,1856.0,146.0,22,252.0,24.7
1903786,1972-09-15 11:35:00,30770.0,7082.0,109.0,22,252.0,14.2
1904356,1971-12-29 11:17:00,,6305.0,71.0,8,84.0,3.5
1904356,1971-12-29 11:17:00,,5850.0,75.0,8,84.0,20.0
1906255,1973-04-16 16:35:00,,5448.0,94.0,29,20.0,15.0
1908047,1973-03-22 12:41:00,51242.0,5507.0,75.0,30,60.0,18.7
1908047,1973-03-22 12:41:00,51242.0,6556.0,146.0,30,60.0,12.5
1908047,1973-03-22 12:41:00,51242.0,6541.0,71.0,30,60.0,4.9
1908047,1973-03-22 12:41:00,51242.0,5841.0,71.0,30,60.0,8.2
1908832,1972-01-09 15:07:00,12769.0,6227.0,131.0,1,2.0,17.9
1909645,1972-10-01 09:11:00,,6514.0,134.0,16,97.0,14.5
1911488,1973-09-25 16:44:00,,6279.0,146.0,20,41.0,14.5
1911488,1973-09-25 16:44:00,,6772.0,49.0,20,41.0,17.4
1912989,1971-10-29 15:17:00,55875.0,5608.0,71.0,1,39.0,4.5
1914566,1972-03-09 16:38:00,,6069.0,99.0,5,92.0,16.3
1917273,1972-05-06 14:56:00,,5585.0,99.0,11,221.0,8.9
1919068,1972-10-11 15:03:00,,1122.0,134.0,16,207.0,10.0
1922747,1973-02-13 13:51:00,,6417.0,134.0,7,203.0,14.4
1930219,1973-07-03 16:19:00,,5224.0,136.0,9,Unknown,5.0
1933585,1972-10-26 15:33:00,,6256.0,75.0,22,54.0,7.0
1933660,1972-01-13 15:03:00,,5173.0,24.0,8,116.0,9.0
1933660,1972-01-13 15:03:00,,5170.0,24.0,8,116.0,9.0
1933660,1972-01-13 15:03:00,,2276.0,75.0,8,116.0,50.0
1933680,1973-06-19 10:56:00,97813.0,8529.0,91.0,25,70.0,19.5
1936534,1972-08-28 14:30:00,,6524.0,75.0,21,40.0,18.5
1936534,1972-08-28 14:30:00,,6487.0,76.0,21,40.0,18.5
1936990,1973-05-06 10:43:00,62755.0,6589.0,142.0,30,60.0,15.2
1938129,1972-09-14 16:09:00,124042.0,5169.0,24.0,11,192.0,4.5
1938959,1972-01-15 14:21:00,,3482.0,75.0,8,162.0,12.5
1940208,1973-05-10 11:56:00,,4362.0,127.0,30,82.0,15.2
1940208,1973-05-10 11:56:00,,4363.0,127.0,30,82.0,11.6
1940208,1973-05-10 11:56:00,,6064.0,99.0,30,82.0,14.4
1940208,1973-05-10 11:56:00,,5813.0,44.0,30,82.0,2.02
1940415,1972-03-23 11:37:00,,5953.0,71.0,28,152.0,3.5
1940415,1972-03-23 11:37:00,,6484.0,99.0,28,152.0,3.5
1940415,1972-03-23 11:37:00,,5608.0,71.0,28,152.0,5.0
1940415,1972-03-23 11:37:00,,5606.0,71.0,28,152.0,5.0
1941719,1972-02-15 17:04:00,122858.0,3975.0,76.0,1,61.0,10.0
1941719,1972-02-15 17:04:00,122858.0,5987.0,80.0,1,61.0,15.0
1941719,1972-02-15 17:04:00,122858.0,5235.0,48.0,1,61.0,15.7
1942799,1972-06-18 12:11:00,,6041.0,140.0,36,241.0,4.4
1942799,1972-06-18 12:11:00,,4276.0,30.0,36,241.0,16.5
1955792,1972-06-06 19:24:00,,5998.0,71.0,11,100.0,8.0
1955792,1972-06-06 19:24:00,,3669.0,24.0,11,100.0,3.5
1956431,1972-01-27 18:16:00,,843.0,69.0,8,162.0,4.5
1957489,1972-10-06 14:05:00,,5651.0,76.0,33,81.0,10.0
1957489,1972-10-06 14:05:00,,836.0,68.0,33,81.0,10.5
1957489,1972-10-06 14:05:00,,1164.0,80.0,33,81.0,8.25
1957489,1972-10-06 14:05:00,,7024.0,91.0,33,81.0,14.5
1959599,1973-09-07 14:38:00,,1060.0,52.0,35,35.0,13.2
1959599,1973-09-07 14:38:00,,6909.0,36.0,35,35.0,35.0
1959818,1973-06-05 14:44:00,70561.0,5623.0,28.0,30,82.0,4.6
1959818,1973-06-05 14:44:00,70561.0,5592.0,140.0,30,82.0,8.5
1959818,1973-06-05 14:44:00,70561.0,6973.0,91.0,30,82.0,13.7
1961248,1973-08-07 13:11:00,160346.0,6603.0,99.0,9,Unknown,9.9
1961248,1973-08-07 13:11:00,160346.0,6326.0,99.0,9,Unknown,4.0
1961812,1973-03-30 15:08:00,,6462.0,71.0,7,309.0,13.7
1968542,1972-12-09 13:43:00,82853.0,286.0,36.0,22,252.0,20.0
1969906,1972-02-04 16:00:00,,8500.0,110.0,8,56.0,20.0
1970393,1973-08-19 10:04:00,,6909.0,36.0,9,Unknown,70.0
1971624,1972-03-16 14:24:00,50903.0,3482.0,75.0,1,2.0,10.0
1971624,1972-03-16 14:24:00,50903.0,5972.0,71.0,1,2.0,13.0
1971624,1972-03-16 14:24:00,50903.0,5970.0,71.0,1,2.0,13.0
1975145,1972-04-22 16:53:00,19121.0,5428.0,142.0,5,189.0,12.5
1975392,1972-07-10 11:21:00,,1121.0,134.0,36,241.0,8.3
1976579,1972-12-14 10:58:00,28794.0,6725.0,36.0,22,54.0,14.25
1976579,1972-12-14 10:58:00,28794.0,5747.0,131.0,22,54.0,14.75
1976579,1972-12-14 10:58:00,28794.0,6736.0,36.0,22,54.0,6.25
1976579,1972-12-14 10:58:00,28794.0,6553.0,140.0,22,54.0,14.4
1976579,1972-12-14 10:58:00,28794.0,3482.0,75.0,22,54.0,8.5
1976579,1972-12-14 10:58:00,28794.0,4272.0,30.0,22,54.0,9.25
1976579,1972-12-14 10:58:00,28794.0,5536.0,140.0,22,54.0,14.4
1976579,1972-12-14 10:58:00,28794.0,5994.0,71.0,22,54.0,4.0
1976579,1972-12-14 10:58:00,28794.0,1663.0,92.0,22,54.0,9.75
1976579,1972-12-14 10:58:00,28794.0,3663.0,24.0,22,54.0,1.75
1976579,1972-12-14 10:58:00,28794.0,6631.0,148.0,22,54.0,6.25
1976579,1972-12-14 10:58:00,28794.0,6619.0,148.0,22,54.0,8.5
1976579,1972-12-14 10:58:00,28794.0,5967.0,140.0,22,54.0,3.25
1976579,1972-12-14 10:58:00,28794.0,5966.0,140.0,22,54.0,3.25
1976579,1972-12-14 10:58:00,28794.0,6976.0,91.0,22,54.0,8.75
1976579,1972-12-14 10:58:00,28794.0,5316.0,146.0,22,54.0,10.75
1976579,1972-12-14 10:58:00,28794.0,6041.0,140.0,22,54.0,2.2
1976579,1972-12-14 10:58:00,28794.0,5538.0,140.0,22,54.0,2.2
1978954,1973-08-30 17:26:00,,6579.0,144.0,9,Unknown,26.3
1981320,1973-07-22 13:18:00,54837.0,6856.0,71.0,29,261.0,6.0
1981320,1973-07-22 13:18:00,54837.0,6419.0,134.0,29,261.0,12.9
1981955,1972-10-04 15:52:00,,5908.0,71.0,21,173.0,3.4
1985306,1972-07-17 18:30:00,50355.0,5993.0,134.0,36,263.0,12.0
1985306,1972-07-17 18:30:00,50355.0,6417.0,134.0,36,263.0,14.2
1985306,1972-07-17 18:30:00,50355.0,3950.0,134.0,36,263.0,12.0
1985306,1972-07-17 18:30:00,50355.0,1122.0,134.0,36,263.0,10.0
1985306,1972-07-17 18:30:00,50355.0,8480.0,109.0,36,263.0,3.0
1985580,1972-02-14 17:15:00,135224.0,7058.0,41.0,8,133.0,14.32
1985580,1972-02-14 17:15:00,135224.0,6355.0,71.0,8,133.0,8.0
1985580,1972-02-14 17:15:00,135224.0,6358.0,71.0,8,133.0,15.0
1988010,1972-07-20 10:53:00,121810.0,6288.0,71.0,36,47.0,8.0
1988010,1972-07-20 10:53:00,121810.0,6816.0,71.0,36,47.0,15.5
1988010,1972-07-20 10:53:00,121810.0,6355.0,71.0,36,47.0,8.0
1988010,1972-07-20 10:53:00,121810.0,6350.0,75.0,36,47.0,18.5
1988010,1972-07-20 10:53:00,121810.0,3343.0,127.0,36,47.0,12.7
1988010,1972-07-20 10:53:00,121810.0,4364.0,127.0,36,47.0,11.6
1989542,1972-12-18 19:53:00,,6820.0,71.0,22,252.0,8.0
1989542,1972-12-18 19:53:00,,6352.0,71.0,22,252.0,4.8
1989543,1972-11-07 10:25:00,,2296.0,101.0,33,143.0,17.5
1989659,1972-10-13 11:01:00,,1030.0,109.0,21,212.0,8.5
1991008,1972-05-07 10:30:00,,843.0,69.0,5,43.0,4.5
1991008,1972-05-07 10:30:00,,1664.0,92.0,5,43.0,19.5
1991008,1972-05-07 10:30:00,,1045.0,91.0,5,43.0,11.5
1991008,1972-05-07 10:30:00,,1221.0,91.0,5,43.0,11.5
1991008,1972-05-07 10:30:00,,2296.0,101.0,5,43.0,17.5
1992094,1973-05-20 10:38:00,,6814.0,71.0,7,5.0,15.7
1994737,1972-12-20 14:48:00,,5996.0,71.0,22,54.0,8.0
1996592,1972-07-04 14:13:00,,1608.0,75.0,11,88.0,12.0
2000605,1972-11-16 15:14:00,,6525.0,75.0,33,238.0,18.5
2000929,1973-06-03 17:08:00,,6471.0,71.0,7,203.0,15.0
2000929,1973-06-03 17:08:00,,2491.0,44.0,7,203.0,5.2
2003021,1972-04-30 14:25:00,,4362.0,127.0,1,49.0,12.0
2004344,1973-08-27 14:14:00,,6830.0,71.0,29,261.0,6.0
2004344,1973-08-27 14:14:00,,6868.0,71.0,29,261.0,6.0
2010737,1972-03-03 15:14:00,91703.0,1154.0,91.0,8,222.0,23.5
2010752,1972-03-03 15:14:00,,6356.0,71.0,8,222.0,3.4
2012924,1972-12-07 15:08:00,32301.0,5900.0,71.0,11,100.0,2.7
2018369,1972-07-17 18:19:00,,5568.0,140.0,11,259.0,11.6
2018369,1972-07-17 18:19:00,,5573.0,140.0,11,259.0,11.6
2019063,1972-05-18 15:15:00,108550.0,2503.0,44.0,1,63.0,20.5
2022273,1972-11-17 14:42:00,55126.0,6535.0,146.0,21,259.0,18.5
2022273,1972-11-17 14:42:00,55126.0,6817.0,71.0,21,259.0,15.5
2029082,1972-07-30 10:20:00,,5587.0,101.0,11,228.0,14.2
2029082,1972-07-30 10:20:00,,5585.0,99.0,11,228.0,8.9
2031508,1972-12-08 10:46:00,2408.0,8535.0,146.0,33,13.0,13.2
2032201,1972-06-13 12:43:00,,6573.0,78.0,5,75.0,4.5
2033673,1972-03-24 14:02:00,17775.0,4552.0,146.0,8,162.0,13.2
2039857,1972-12-05 10:12:00,46162.0,6526.0,75.0,21,173.0,14.8
2043540,1972-04-02 14:32:00,47058.0,5391.0,82.0,8,84.0,15.5
2045831,1973-01-28 19:15:00,,6183.0,131.0,16,97.0,23.9
2046536,1972-12-15 13:02:00,,6731.0,36.0,33,3.0,19.8
2048171,1972-12-10 17:04:00,,4362.0,127.0,21,259.0,15.0
2048171,1972-12-10 17:04:00,,3343.0,127.0,21,259.0,15.9
2048171,1972-12-10 17:04:00,,6787.0,44.0,21,259.0,2.0
2048296,1972-06-30 13:33:00,6334.0,6449.0,71.0,28,62.0,20.0
2048296,1972-06-30 13:33:00,6334.0,5535.0,140.0,28,62.0,20.0
2048410,1972-12-23 12:16:00,,1764.0,146.0,11,22.0,13.7
2048410,1972-12-23 12:16:00,,5370.0,41.0,11,22.0,15.9
2050850,1973-03-07 12:03:00,15536.0,5967.0,140.0,22,54.0,6.7
2050850,1973-03-07 12:03:00,15536.0,6359.0,140.0,22,54.0,6.7
2050850,1973-03-07 12:03:00,15536.0,6213.0,99.0,22,54.0,14.4
2050850,1973-03-07 12:03:00,15536.0,1766.0,41.0,22,54.0,2.5
2050850,1973-03-07 12:03:00,15536.0,6766.0,146.0,22,54.0,2.5
2062610,1972-09-07 16:35:00,99825.0,6609.0,71.0,11,62.0,6.5
2062610,1972-09-07 16:35:00,99825.0,6437.0,92.0,11,62.0,15.0
2062748,1972-10-16 16:11:00,,4481.0,84.0,36,15.0,18.7
2062748,1972-10-16 16:11:00,,6610.0,71.0,36,15.0,15.5
2062748,1972-10-16 16:11:00,,5994.0,71.0,36,15.0,8.0
2062748,1972-10-16 16:11:00,,6609.0,71.0,36,15.0,8.0
2064419,1972-02-04 11:23:00,150065.0,5649.0,144.0,1,99.0,15.0
2064442,1972-07-14 11:24:00,,6483.0,99.0,28,62.0,10.0
2064832,1973-01-10 15:25:00,,6218.0,71.0,11,100.0,3.44
2064832,1973-01-10 15:25:00,,8499.0,110.0,11,100.0,3.91
2066060,1972-07-13 13:53:00,150213.0,6288.0,71.0,5,204.0,5.0
2066060,1972-07-13 13:53:00,150213.0,5900.0,71.0,5,204.0,3.4
2066473,1973-01-12 11:55:00,,6825.0,71.0,11,62.0,5.0
2067254,1972-12-21 17:15:00,,6617.0,148.0,33,13.0,19.0
2067254,1972-12-21 17:15:00,,6756.0,36.0,33,13.0,25.0
2067519,1972-12-21 17:59:00,,5904.0,71.0,33,13.0,3.4
2067629,1972-05-04 16:21:00,89215.0,6226.0,131.0,8,116.0,15.9
2067629,1972-05-04 16:21:00,89215.0,5570.0,140.0,8,116.0,14.4
2069114,1972-10-26 16:14:00,,5544.0,140.0,36,15.0,11.6
2069324,1972-10-26 18:50:00,142227.0,6491.0,44.0,36,15.0,4.0
2073405,1972-12-20 18:46:00,,6753.0,36.0,21,259.0,15.0
2076982,1972-07-12 13:14:00,,2951.0,75.0,1,2.0,12.0
2077426,1972-02-20 18:35:00,,5500.0,122.0,1,61.0,11.5
2079727,1972-08-02 19:11:00,,8504.0,110.0,28,201.0,5.0
2079727,1972-08-02 19:11:00,,4397.0,127.0,28,201.0,9.0
2080437,1972-07-30 18:37:00,,6548.0,51.0,5,209.0,16.5
2080831,1973-01-31 18:00:00,,6745.0,36.0,11,171.0,28.0
2081320,1972-09-29 10:05:00,,5967.0,140.0,11,88.0,19.5
2086258,1972-11-20 15:37:00,,6465.0,71.0,36,15.0,13.5
2086271,1973-02-12 15:22:00,9686.0,1683.0,75.0,11,100.0,18.7
2086271,1973-02-12 15:22:00,9686.0,6418.0,52.0,11,100.0,11.2
2086271,1973-02-12 15:22:00,9686.0,6186.0,92.0,11,100.0,8.0
2088359,1972-10-08 12:01:00,51218.0,1121.0,134.0,11,166.0,8.3
2089485,1972-12-29 17:50:00,,6400.0,69.0,21,40.0,5.0
2090018,1972-12-30 15:00:00,,4950.0,75.0,21,40.0,12.0
2091091,1972-03-06 19:20:00,,5755.0,94.0,1,138.0,11.5
2095381,1972-03-10 12:30:00,,8499.0,110.0,1,138.0,5.0
2095381,1972-03-10 12:30:00,,6365.0,36.0,1,138.0,12.5
2095381,1972-03-10 12:30:00,,6432.0,44.0,1,138.0,2.0
2095758,1972-08-18 15:50:00,,4424.0,24.0,5,189.0,4.5
2096456,1972-08-03 11:07:00,,8454.0,110.0,1,145.0,7.9
2098424,1972-12-04 12:32:00,19475.0,6820.0,71.0,36,15.0,8.0
2098994,1972-08-23 13:50:00,41240.0,2296.0,101.0,5,218.0,17.5
2098994,1972-08-23 13:50:00,41240.0,5651.0,76.0,5,218.0,10.0
2099578,1973-01-22 14:22:00,,6523.0,75.0,33,143.0,12.0
2102642,1972-03-16 15:36:00,,6119.0,75.0,1,2.0,15.0
2109582,1973-07-09 16:07:00,137267.0,1764.0,146.0,22,198.0,10.0
2109582,1973-07-09 16:07:00,137267.0,6279.0,146.0,22,198.0,10.0
2109582,1973-07-09 16:07:00,137267.0,6353.0,76.0,22,198.0,13.5
2110420,1973-02-04 15:21:00,8645.0,6830.0,71.0,33,143.0,8.21
2110420,1973-02-04 15:21:00,8645.0,6799.0,148.0,33,143.0,3.29
2110440,1973-07-10 15:16:00,17628.0,6480.0,71.0,22,198.0,11.0
2110778,1972-03-23 18:41:00,77987.0,4477.0,84.0,1,145.0,10.0
2110778,1972-03-23 18:41:00,77987.0,4010.0,75.0,1,145.0,10.0
2110796,1973-03-22 13:18:00,,6481.0,71.0,11,100.0,13.7
2117176,1972-09-17 17:15:00,,5605.0,71.0,28,141.0,5.0
2119697,1973-04-15 14:13:00,,6999.0,40.0,11,133.0,7.6
2125151,1972-04-23 15:28:00,124323.0,6840.0,131.0,1,145.0,25.83
2125151,1972-04-23 15:28:00,124323.0,834.0,68.0,1,145.0,10.5
2125151,1972-04-23 15:28:00,124323.0,6212.0,99.0,1,145.0,3.5
2130123,1973-05-08 16:48:00,,2404.0,85.0,11,100.0,8.6
2130413,1972-04-27 17:33:00,27458.0,6328.0,49.0,1,39.0,13.7
2131298,1972-09-27 19:57:00,,4208.0,75.0,28,228.0,18.5
2132406,1972-04-29 15:02:00,,1143.0,92.0,1,178.0,17.5
2136788,1972-12-13 15:30:00,,1665.0,92.0,11,62.0,19.5
2138475,1972-10-09 16:31:00,103860.0,6186.0,92.0,5,212.0,7.9
2140245,1972-12-21 13:24:00,,6717.0,36.0,36,15.0,15.0
2144339,1972-09-21 14:20:00,,900.0,109.0,1,2.0,8.5
2148858,1973-03-30 14:37:00,85806.0,6817.0,71.0,33,143.0,15.7
2148858,1973-03-30 14:37:00,85806.0,5570.0,140.0,33,143.0,10.22
2148858,1973-03-30 14:37:00,85806.0,6031.0,140.0,33,143.0,8.19
2150667,1973-09-26 09:37:00,,6527.0,75.0,22,122.0,18.9
2150667,1973-09-26 09:37:00,,7033.0,109.0,22,122.0,14.8
2150667,1973-09-26 09:37:00,,1056.0,109.0,22,122.0,12.5
2152173,1972-05-20 12:09:00,35621.0,6453.0,163.0,1,145.0,17.5
2155744,1972-10-31 13:57:00,3968.0,4334.0,73.0,5,4.0,15.9
2156829,1972-10-06 14:21:00,,1121.0,134.0,1,2.0,8.3
2159009,1972-12-27 14:48:00,,5225.0,136.0,11,22.0,7.5
2163759,1973-09-13 14:14:00,,6820.0,71.0,16,325.0,8.5
2163759,1973-09-13 14:14:00,,8570.0,110.0,16,325.0,8.3
2164205,1973-07-09 13:19:00,,2998.0,71.0,11,133.0,4.9
2165156,1972-11-19 17:59:00,67667.0,6608.0,75.0,5,212.0,18.5
2166352,1972-06-05 16:32:00,52362.0,6484.0,99.0,1,138.0,7.0
2168233,1972-11-16 11:27:00,7330.0,6798.0,148.0,28,175.0,5.0
2168233,1972-11-16 11:27:00,7330.0,6799.0,148.0,28,175.0,5.0
2168447,1972-06-07 16:26:00,,8453.0,110.0,1,99.0,7.9
2169098,1973-07-16 16:17:00,136878.0,6512.0,71.0,11,318.0,11.55
2169098,1973-07-16 16:17:00,136878.0,6462.0,71.0,11,318.0,11.0
2169098,1973-07-16 16:17:00,136878.0,5316.0,146.0,11,318.0,15.0
2174213,1973-04-27 12:32:00,94116.0,6812.0,71.0,21,147.0,10.5
2174213,1973-04-27 12:32:00,94116.0,1807.0,28.0,21,147.0,4.2
2177365,1972-06-16 13:32:00,53379.0,5535.0,140.0,1,2.0,9.28
2177365,1972-06-16 13:32:00,53379.0,2197.0,49.0,1,2.0,15.92
2177500,1972-11-05 15:37:00,71908.0,4211.0,92.0,1,2.0,24.5
2182143,1972-06-20 16:07:00,36673.0,5566.0,140.0,1,2.0,17.9
2182143,1972-06-20 16:07:00,36673.0,5288.0,40.0,1,2.0,10.0
2182143,1972-06-20 16:07:00,36673.0,5403.0,132.0,1,2.0,5.0
2182143,1972-06-20 16:07:00,36673.0,5605.0,71.0,1,2.0,6.3
2182143,1972-06-20 16:07:00,36673.0,6212.0,99.0,1,2.0,5.0
2185966,1972-09-01 09:37:00,,5608.0,71.0,8,258.0,9.0
2188076,1973-02-15 14:48:00,32595.0,6350.0,75.0,36,15.0,12.0
2189336,1972-12-14 09:23:00,,2193.0,49.0,5,43.0,16.5
2189937,1972-09-07 10:49:00,132276.0,5975.0,51.0,8,212.0,16.5
2189985,1972-09-07 11:49:00,,6560.0,146.0,8,212.0,16.5
2192761,1972-12-12 15:21:00,,6619.0,148.0,28,24.0,8.5
2195136,1972-12-01 17:21:00,,6213.0,99.0,1,2.0,14.2
2195136,1972-12-01 17:21:00,,5486.0,125.0,1,2.0,6.0
2197040,1972-09-17 10:10:00,,5904.0,71.0,8,257.0,3.4
2197040,1972-09-17 10:10:00,,5903.0,71.0,8,257.0,3.4
2197040,1972-09-17 10:10:00,,3663.0,24.0,8,257.0,3.5
2198838,1973-06-07 15:57:00,,6226.0,131.0,21,147.0,16.2
2198838,1973-06-07 15:57:00,,5235.0,48.0,21,147.0,16.7
2201372,1973-06-28 17:35:00,62789.0,4437.0,71.0,33,13.0,7.06
2201372,1973-06-28 17:35:00,62789.0,6482.0,71.0,33,13.0,19.5
2207391,1973-07-07 13:06:00,,6906.0,36.0,33,82.0,7.0
2208457,1972-12-21 14:04:00,,6710.0,36.0,5,296.0,35.0
2209078,1972-07-13 15:08:00,74544.0,6289.0,75.0,1,2.0,12.0
2209078,1972-07-13 15:08:00,74544.0,5777.0,136.0,1,2.0,12.0
2209078,1972-07-13 15:08:00,74544.0,4397.0,127.0,1,2.0,9.0
2209078,1972-07-13 15:08:00,74544.0,6512.0,71.0,1,2.0,14.5
2209389,1973-07-10 14:59:00,109074.0,5651.0,76.0,33,143.0,15.5
2209389,1973-07-10 14:59:00,109074.0,6536.0,95.0,33,143.0,18.9
2211042,1973-07-12 17:49:00,13583.0,1685.0,125.0,33,81.0,17.4
2211042,1973-07-12 17:49:00,13583.0,1674.0,75.0,33,81.0,13.5
2211042,1973-07-12 17:49:00,13583.0,6863.0,71.0,33,81.0,15.0
2215554,1972-10-17 18:38:00,,5748.0,99.0,8,151.0,6.0
2219931,1972-12-29 16:27:00,38688.0,5654.0,71.0,5,289.0,10.0
2223082,1972-12-30 15:45:00,,5598.0,30.0,28,152.0,5.5
2232561,1973-08-20 12:22:00,,6856.0,71.0,33,45.0,6.0
2234994,1973-04-24 15:02:00,157428.0,6517.0,79.0,11,62.0,24.7
2234994,1973-04-24 15:02:00,157428.0,5904.0,71.0,11,62.0,3.5
2234994,1973-04-24 15:02:00,157428.0,6973.0,91.0,11,62.0,13.7
2234994,1973-04-24 15:02:00,157428.0,8535.0,146.0,11,62.0,16.7
2237520,1973-05-23 15:12:00,,6326.0,99.0,36,15.0,3.8
2238617,1973-09-01 13:49:00,,1044.0,91.0,33,45.0,12.0
2240050,1973-05-06 18:42:00,674.0,1670.0,125.0,11,88.0,29.2
2241204,1973-09-06 16:22:00,62951.0,6030.0,140.0,33,45.0,18.9
2241218,1973-01-16 17:06:00,5145.0,847.0,68.0,1,2.0,10.6
2241218,1973-01-16 17:06:00,5145.0,8532.0,91.0,1,2.0,17.7
2241218,1973-01-16 17:06:00,5145.0,1143.0,92.0,1,2.0,17.7
2241218,1973-01-16 17:06:00,5145.0,6974.0,91.0,1,2.0,17.7
2241218,1973-01-16 17:06:00,5145.0,8514.0,92.0,1,2.0,14.7
2243211,1973-08-25 15:34:00,,6462.0,71.0,21,291.0,15.8
2244534,1973-08-28 17:56:00,163954.0,6973.0,91.0,21,291.0,14.2
2245115,1973-01-28 14:19:00,72698.0,6616.0,148.0,5,43.0,19.2
2245930,1972-11-30 19:40:00,56004.0,6835.0,44.0,8,17.0,4.5
2246214,1972-12-01 10:37:00,,6823.0,71.0,8,116.0,8.0
2246214,1972-12-01 10:37:00,,6066.0,99.0,8,116.0,14.2
2247983,1972-12-02 13:37:00,,6717.0,36.0,8,17.0,15.0
2254339,1973-06-27 15:49:00,81090.0,7080.0,109.0,36,15.0,14.5
2256436,1973-06-12 08:25:00,69498.0,6757.0,163.0,11,100.0,19.5
2256436,1973-06-12 08:25:00,69498.0,6758.0,163.0,11,100.0,15.8
2256848,1972-09-10 10:14:00,106203.0,5559.0,140.0,1,2.0,4.4
2256848,1972-09-10 10:14:00,106203.0,5538.0,140.0,1,2.0,4.4
2256848,1972-09-10 10:14:00,106203.0,6324.0,99.0,1,2.0,3.7
2256848,1972-09-10 10:14:00,106203.0,5540.0,140.0,1,2.0,14.4
2256848,1972-09-10 10:14:00,106203.0,5557.0,140.0,1,2.0,14.4
2258328,1973-02-20 11:39:00,,6810.0,71.0,5,43.0,15.7
2259400,1972-09-12 18:16:00,,6288.0,71.0,1,2.0,10.0
2259400,1972-09-12 18:16:00,,6256.0,75.0,1,2.0,7.0
2260281,1973-09-29 13:04:00,,6609.0,71.0,21,259.0,6.5
2260281,1973-09-29 13:04:00,,6973.0,91.0,21,259.0,14.2
2260997,1972-12-11 13:02:00,,277.0,36.0,8,17.0,15.0
2260997,1972-12-11 13:02:00,,6721.0,36.0,8,17.0,12.5
2260997,1972-12-11 13:02:00,,6720.0,36.0,8,17.0,12.5
2261825,1972-12-11 20:50:00,,6064.0,99.0,8,17.0,14.2
2261825,1972-12-11 20:50:00,,4397.0,127.0,8,17.0,11.5
2265693,1973-07-20 11:38:00,,5168.0,24.0,36,268.0,4.9
2265693,1973-07-20 11:38:00,,5171.0,24.0,36,268.0,4.9
2265755,1972-09-18 16:10:00,148297.0,6528.0,75.0,1,2.0,18.5
2270730,1973-07-13 10:04:00,,6512.0,71.0,11,133.0,11.55
2271175,1973-08-03 13:41:00,63386.0,6830.0,71.0,36,241.0,6.0
2271175,1973-08-03 13:41:00,63386.0,5553.0,140.0,36,241.0,12.5
2272555,1972-12-17 11:25:00,,6689.0,36.0,8,107.0,10.0
2272555,1972-12-17 11:25:00,,6632.0,148.0,8,107.0,12.5
2274400,1973-08-13 12:49:00,161333.0,3966.0,55.0,36,47.0,21.5
2274400,1973-08-13 12:49:00,161333.0,4481.0,84.0,36,47.0,19.7
2274658,1973-07-22 17:15:00,124343.0,1661.0,92.0,11,133.0,20.5
2274658,1973-07-22 17:15:00,124343.0,832.0,68.0,11,133.0,19.4
2275248,1973-08-15 18:02:00,161337.0,6002.0,71.0,36,241.0,3.9
2275248,1973-08-15 18:02:00,161337.0,6818.0,71.0,36,241.0,3.9
2275995,1972-10-06 10:26:00,161166.0,6642.0,148.0,1,2.0,6.25
2275995,1972-10-06 10:26:00,161166.0,6641.0,148.0,1,2.0,6.25
2282788,1973-09-06 11:19:00,,6604.0,99.0,36,268.0,14.9
2284950,1973-04-02 19:28:00,109694.0,6289.0,75.0,28,175.0,18.7
2288360,1973-08-29 10:15:00,69451.0,6556.0,146.0,11,100.0,19.9
2291316,1973-05-04 10:33:00,94743.0,8540.0,110.0,5,277.0,8.0
2291316,1973-05-04 10:33:00,94743.0,5446.0,94.0,5,277.0,10.0
2291944,1973-05-05 11:15:00,,6530.0,75.0,1,2.0,18.7
2299680,1973-05-24 17:08:00,,5536.0,140.0,1,2.0,14.6
2299680,1973-05-24 17:08:00,,6862.0,71.0,1,2.0,8.2
2302139,1972-11-23 13:17:00,,8474.0,99.0,1,2.0,11.8
2302139,1972-11-23 13:17:00,,5748.0,99.0,1,2.0,6.0
2302139,1972-11-23 13:17:00,,5978.0,75.0,1,2.0,18.5
2302139,1972-11-23 13:17:00,,3669.0,24.0,1,2.0,3.5
2302544,1973-05-31 11:52:00,18700.0,6514.0,134.0,5,43.0,14.7
2307612,1973-06-13 16:18:00,,6812.0,71.0,1,2.0,16.5
2307965,1972-06-29 15:47:00,,6529.0,75.0,8,258.0,18.5
2308694,1972-07-03 15:28:00,54138.0,5507.0,75.0,8,162.0,12.0
2309329,1973-06-18 12:26:00,,7080.0,109.0,5,189.0,14.5
2310276,1972-12-07 13:31:00,55039.0,6684.0,36.0,1,2.0,9.0
2311405,1973-06-24 10:37:00,4007.0,6226.0,131.0,5,43.0,16.8
2317998,1972-09-23 13:49:00,,2607.0,82.0,8,56.0,7.9
2317998,1972-09-23 13:49:00,,5996.0,71.0,8,56.0,8.0
2317998,1972-09-23 13:49:00,,5258.0,76.0,8,56.0,18.5
2318296,1973-07-08 13:21:00,8012.0,6949.0,91.0,1,178.0,5.8
2318296,1973-07-08 13:21:00,8012.0,8556.0,91.0,1,178.0,6.5
2318296,1973-07-08 13:21:00,8012.0,8523.0,91.0,1,178.0,1.0
2318296,1973-07-08 13:21:00,8012.0,6973.0,91.0,1,178.0,14.2
2318296,1973-07-08 13:21:00,8012.0,6073.0,92.0,1,178.0,19.0
2319059,1973-07-09 18:06:00,157498.0,6556.0,146.0,1,99.0,10.0
2319841,1973-02-12 10:36:00,138179.0,6213.0,99.0,8,116.0,10.0
2319841,1973-02-12 10:36:00,138179.0,6604.0,99.0,8,116.0,10.0
2321211,1973-07-12 12:33:00,,6525.0,75.0,5,43.0,18.9
2322655,1973-02-17 16:36:00,,5978.0,75.0,8,151.0,18.7
2322702,1973-07-15 16:16:00,,2068.0,146.0,5,277.0,12.0
2324152,1973-02-21 13:28:00,,5772.0,28.0,8,284.0,4.6
2330172,1973-08-03 13:58:00,121364.0,3527.0,28.0,5,68.0,7.5
2330172,1973-08-03 13:58:00,121364.0,8569.0,46.0,5,68.0,8.3
2334423,1972-12-16 14:07:00,,4364.0,127.0,8,222.0,14.6
2336519,1973-08-21 17:18:00,79517.0,8444.0,91.0,1,49.0,14.5
2336519,1973-08-21 17:18:00,79517.0,841.0,69.0,1,49.0,5.5
2336772,1972-12-18 16:40:00,,277.0,36.0,8,17.0,15.0
2350316,1973-08-30 12:52:00,,5650.0,76.0,28,152.0,15.5
2350316,1973-08-30 12:52:00,,1693.0,36.0,28,152.0,10.0
2350316,1973-08-30 12:52:00,,5170.0,24.0,28,152.0,4.9
2350956,1973-04-28 14:30:00,64062.0,1143.0,92.0,8,56.0,17.7
2351584,1973-09-02 16:17:00,,1856.0,146.0,28,228.0,26.2
2354643,1973-09-13 18:03:00,103149.0,6438.0,92.0,28,228.0,19.9
2361149,1973-02-28 16:09:00,,4403.0,69.0,1,2.0,2.72
2364651,1973-03-14 20:45:00,,6496.0,163.0,1,2.0,12.0
2364651,1973-03-14 20:45:00,,6289.0,75.0,1,2.0,12.0
2366398,1973-03-23 13:13:00,,6213.0,99.0,1,2.0,10.0
2366398,1973-03-23 13:13:00,,2277.0,44.0,1,2.0,4.6
2367814,1973-07-05 12:29:00,,6506.0,71.0,8,151.0,16.5
2367939,1973-07-05 18:49:00,,6861.0,71.0,8,222.0,8.5
2368258,1973-07-08 10:31:00,,6870.0,71.0,8,151.0,6.0
2368258,1973-07-08 10:31:00,,1674.0,75.0,8,151.0,13.5
2369400,1973-04-13 11:35:00,124245.0,4074.0,92.0,1,2.0,23.7
2369400,1973-04-13 11:35:00,124245.0,6974.0,91.0,1,2.0,17.7
2376760,1973-05-27 11:06:00,68496.0,1754.0,91.0,1,2.0,24.7
2376760,1973-05-27 11:06:00,68496.0,7017.0,91.0,1,2.0,14.7
2376760,1973-05-27 11:06:00,68496.0,5772.0,28.0,1,2.0,4.6
2376760,1973-05-27 11:06:00,68496.0,6861.0,71.0,1,2.0,8.2
2376760,1973-05-27 11:06:00,68496.0,2404.0,85.0,1,2.0,25.8
2376760,1973-05-27 11:06:00,68496.0,1156.0,91.0,1,2.0,23.7
2376760,1973-05-27 11:06:00,68496.0,1222.0,91.0,1,2.0,11.6
2376760,1973-05-27 11:06:00,68496.0,838.0,68.0,1,2.0,10.6
